task,model,feature,condition,subject_id,sessions,accuracy_percent
20-c,GCN_LSTM,raw,recall,sub-001,3,10.666666666666666
20-c,GCN_LSTM,raw,recall,sub-002,3,12.0
20-c,GCN_LSTM,raw,recall,sub-003,3,12.0
20-c,GCN_LSTM,raw,recall,sub-004,3,12.0
20-c,GCN_LSTM,raw,recall,sub-005,3,11.333333333333334
20-c,GCN_LSTM,raw,recall,sub-006,3,10.0
20-c,GCN_LSTM,raw,recall,sub-007,3,7.333333333333333
20-c,GCN_LSTM,raw,recall,sub-008,3,11.333333333333334
20-c,GCN_LSTM,raw,recall,sub-009,3,12.0
20-c,GCN_LSTM,raw,recall,sub-010,3,12.666666666666666
20-c,GCN_LSTM,raw,recall,sub-011,3,10.666666666666666
20-c,GCN_LSTM,raw,recall,sub-012,3,12.0
20-c,GCN_LSTM,raw,recall,sub-013,3,8.666666666666666
20-c,GCN_LSTM,raw,recall,sub-014,3,10.666666666666666
20-c,GCN_LSTM,raw,recall,sub-015,3,10.0
20-c,GCN_LSTM,raw,recall,sub-016,3,10.0
20-c,GCN_LSTM,raw,recall,sub-017,3,8.666666666666666
20-c,GCN_LSTM,raw,recall,sub-018,3,10.0
20-c,GCN_LSTM,raw,recall,sub-019,3,12.666666666666666
20-c,GCN_LSTM,raw,recall,sub-020,3,10.0
20-c,GCN_LSTM,raw,watch,sub-001,3,12.666666666666666
20-c,GCN_LSTM,raw,watch,sub-002,3,8.0
20-c,GCN_LSTM,raw,watch,sub-003,3,12.666666666666666
20-c,GCN_LSTM,raw,watch,sub-004,3,10.0
20-c,GCN_LSTM,raw,watch,sub-005,3,11.333333333333334
20-c,GCN_LSTM,raw,watch,sub-006,3,11.333333333333334
20-c,GCN_LSTM,raw,watch,sub-007,3,10.666666666666666
20-c,GCN_LSTM,raw,watch,sub-008,3,6.666666666666667
20-c,GCN_LSTM,raw,watch,sub-009,3,11.333333333333334
20-c,GCN_LSTM,raw,watch,sub-010,3,11.333333333333334
20-c,GCN_LSTM,raw,watch,sub-011,3,12.0
20-c,GCN_LSTM,raw,watch,sub-012,3,14.0
20-c,GCN_LSTM,raw,watch,sub-013,3,10.666666666666666
20-c,GCN_LSTM,raw,watch,sub-014,3,10.666666666666666
20-c,GCN_LSTM,raw,watch,sub-015,3,8.0
20-c,GCN_LSTM,raw,watch,sub-016,3,11.333333333333334
20-c,GCN_LSTM,raw,watch,sub-017,3,10.666666666666666
20-c,GCN_LSTM,raw,watch,sub-018,3,9.333333333333334
20-c,GCN_LSTM,raw,watch,sub-019,3,10.0
20-c,GCN_LSTM,raw,watch,sub-020,3,11.333333333333334
20-c,conformer,raw,recall,sub-001,3,12.0
20-c,conformer,raw,recall,sub-002,3,10.666666666666666
20-c,conformer,raw,recall,sub-003,3,12.0
20-c,conformer,raw,recall,sub-004,3,10.666666666666666
20-c,conformer,raw,recall,sub-005,3,9.333333333333334
20-c,conformer,raw,recall,sub-006,3,10.666666666666666
20-c,conformer,raw,recall,sub-007,3,12.0
20-c,conformer,raw,recall,sub-008,3,9.333333333333334
20-c,conformer,raw,recall,sub-009,3,8.0
20-c,conformer,raw,recall,sub-010,3,13.333333333333334
20-c,conformer,raw,recall,sub-011,3,10.666666666666666
20-c,conformer,raw,recall,sub-012,3,10.0
20-c,conformer,raw,recall,sub-013,3,6.666666666666667
20-c,conformer,raw,recall,sub-014,3,10.0
20-c,conformer,raw,recall,sub-015,3,10.666666666666666
20-c,conformer,raw,recall,sub-016,3,8.0
20-c,conformer,raw,recall,sub-017,3,11.333333333333334
20-c,conformer,raw,recall,sub-018,3,10.666666666666666
20-c,conformer,raw,recall,sub-019,3,10.666666666666666
20-c,conformer,raw,recall,sub-020,3,7.333333333333333
20-c,conformer,raw,watch,sub-001,3,10.0
20-c,conformer,raw,watch,sub-002,3,9.333333333333334
20-c,conformer,raw,watch,sub-003,3,9.333333333333334
20-c,conformer,raw,watch,sub-004,3,9.333333333333334
20-c,conformer,raw,watch,sub-005,3,8.0
20-c,conformer,raw,watch,sub-006,3,12.0
20-c,conformer,raw,watch,sub-007,3,10.666666666666666
20-c,conformer,raw,watch,sub-008,3,12.0
20-c,conformer,raw,watch,sub-009,3,9.333333333333334
20-c,conformer,raw,watch,sub-010,3,12.666666666666666
20-c,conformer,raw,watch,sub-011,3,10.666666666666666
20-c,conformer,raw,watch,sub-012,3,9.333333333333334
20-c,conformer,raw,watch,sub-013,3,10.0
20-c,conformer,raw,watch,sub-014,3,12.0
20-c,conformer,raw,watch,sub-015,3,10.666666666666666
20-c,conformer,raw,watch,sub-016,3,6.666666666666667
20-c,conformer,raw,watch,sub-017,3,12.0
20-c,conformer,raw,watch,sub-018,3,9.333333333333334
20-c,conformer,raw,watch,sub-019,3,10.0
20-c,conformer,raw,watch,sub-020,3,10.666666666666666
20-c,deepnet,raw,recall,sub-001,3,6.0
20-c,deepnet,raw,recall,sub-002,3,10.666666666666666
20-c,deepnet,raw,recall,sub-003,3,14.666666666666666
20-c,deepnet,raw,recall,sub-004,3,8.0
20-c,deepnet,raw,recall,sub-005,3,6.666666666666667
20-c,deepnet,raw,recall,sub-006,3,8.0
20-c,deepnet,raw,recall,sub-007,3,8.0
20-c,deepnet,raw,recall,sub-008,3,10.0
20-c,deepnet,raw,recall,sub-009,3,13.333333333333334
20-c,deepnet,raw,recall,sub-010,3,10.0
20-c,deepnet,raw,recall,sub-011,3,10.666666666666666
20-c,deepnet,raw,recall,sub-012,3,8.666666666666666
20-c,deepnet,raw,recall,sub-013,3,9.333333333333334
20-c,deepnet,raw,recall,sub-014,3,11.333333333333334
20-c,deepnet,raw,recall,sub-015,3,9.333333333333334
20-c,deepnet,raw,recall,sub-016,3,10.0
20-c,deepnet,raw,recall,sub-017,3,8.0
20-c,deepnet,raw,recall,sub-018,3,10.0
20-c,deepnet,raw,recall,sub-019,3,12.0
20-c,deepnet,raw,recall,sub-020,3,11.333333333333334
20-c,deepnet,raw,watch,sub-001,3,12.0
20-c,deepnet,raw,watch,sub-002,3,12.0
20-c,deepnet,raw,watch,sub-003,3,13.333333333333334
20-c,deepnet,raw,watch,sub-004,3,10.666666666666666
20-c,deepnet,raw,watch,sub-005,3,10.666666666666666
20-c,deepnet,raw,watch,sub-006,3,9.333333333333334
20-c,deepnet,raw,watch,sub-007,3,11.333333333333334
20-c,deepnet,raw,watch,sub-008,3,11.333333333333334
20-c,deepnet,raw,watch,sub-009,3,12.0
20-c,deepnet,raw,watch,sub-010,3,10.0
20-c,deepnet,raw,watch,sub-011,3,12.666666666666666
20-c,deepnet,raw,watch,sub-012,3,11.333333333333334
20-c,deepnet,raw,watch,sub-013,3,11.333333333333334
20-c,deepnet,raw,watch,sub-014,3,10.0
20-c,deepnet,raw,watch,sub-015,3,10.0
20-c,deepnet,raw,watch,sub-016,3,11.333333333333334
20-c,deepnet,raw,watch,sub-017,3,12.0
20-c,deepnet,raw,watch,sub-018,3,10.666666666666666
20-c,deepnet,raw,watch,sub-019,3,8.0
20-c,deepnet,raw,watch,sub-020,3,12.0
20-c,eegnet,raw,recall,sub-001,3,9.333333333333334
20-c,eegnet,raw,recall,sub-002,3,8.0
20-c,eegnet,raw,recall,sub-003,3,8.666666666666666
20-c,eegnet,raw,recall,sub-004,3,8.666666666666666
20-c,eegnet,raw,recall,sub-005,3,8.0
20-c,eegnet,raw,recall,sub-006,3,8.0
20-c,eegnet,raw,recall,sub-007,3,10.0
20-c,eegnet,raw,recall,sub-008,3,10.0
20-c,eegnet,raw,recall,sub-009,3,10.666666666666666
20-c,eegnet,raw,recall,sub-010,3,11.333333333333334
20-c,eegnet,raw,recall,sub-011,3,8.666666666666666
20-c,eegnet,raw,recall,sub-012,3,10.666666666666666
20-c,eegnet,raw,recall,sub-013,3,9.333333333333334
20-c,eegnet,raw,recall,sub-014,3,8.0
20-c,eegnet,raw,recall,sub-015,3,8.666666666666666
20-c,eegnet,raw,recall,sub-016,3,10.666666666666666
20-c,eegnet,raw,recall,sub-017,3,9.333333333333334
20-c,eegnet,raw,recall,sub-018,3,14.666666666666666
20-c,eegnet,raw,recall,sub-019,3,10.666666666666666
20-c,eegnet,raw,recall,sub-020,3,9.333333333333334
20-c,eegnet,raw,watch,sub-001,3,11.333333333333334
20-c,eegnet,raw,watch,sub-002,3,11.333333333333334
20-c,eegnet,raw,watch,sub-003,3,10.666666666666666
20-c,eegnet,raw,watch,sub-004,3,12.0
20-c,eegnet,raw,watch,sub-005,3,8.666666666666666
20-c,eegnet,raw,watch,sub-006,3,11.333333333333334
20-c,eegnet,raw,watch,sub-007,3,13.333333333333334
20-c,eegnet,raw,watch,sub-008,3,8.666666666666666
20-c,eegnet,raw,watch,sub-009,3,10.0
20-c,eegnet,raw,watch,sub-010,3,8.666666666666666
20-c,eegnet,raw,watch,sub-011,3,12.666666666666666
20-c,eegnet,raw,watch,sub-012,3,11.333333333333334
20-c,eegnet,raw,watch,sub-013,3,10.0
20-c,eegnet,raw,watch,sub-014,3,9.333333333333334
20-c,eegnet,raw,watch,sub-015,3,10.666666666666666
20-c,eegnet,raw,watch,sub-016,3,9.333333333333334
20-c,eegnet,raw,watch,sub-017,3,10.0
20-c,eegnet,raw,watch,sub-018,3,9.333333333333334
20-c,eegnet,raw,watch,sub-019,3,8.666666666666666
20-c,eegnet,raw,watch,sub-020,3,12.0
20-c,glfnet,raw,recall,sub-001,3,6.0
20-c,glfnet,raw,recall,sub-002,3,10.0
20-c,glfnet,raw,recall,sub-003,3,10.0
20-c,glfnet,raw,recall,sub-004,3,11.333333333333334
20-c,glfnet,raw,recall,sub-005,3,10.666666666666666
20-c,glfnet,raw,recall,sub-006,3,9.333333333333334
20-c,glfnet,raw,recall,sub-007,3,9.333333333333334
20-c,glfnet,raw,recall,sub-008,3,9.333333333333334
20-c,glfnet,raw,recall,sub-009,3,8.666666666666666
20-c,glfnet,raw,recall,sub-010,3,9.333333333333334
20-c,glfnet,raw,recall,sub-011,3,12.666666666666666
20-c,glfnet,raw,recall,sub-012,3,8.666666666666666
20-c,glfnet,raw,recall,sub-013,3,8.666666666666666
20-c,glfnet,raw,recall,sub-014,3,7.333333333333333
20-c,glfnet,raw,recall,sub-015,3,8.0
20-c,glfnet,raw,recall,sub-016,3,10.0
20-c,glfnet,raw,recall,sub-017,3,8.0
20-c,glfnet,raw,recall,sub-018,3,8.0
20-c,glfnet,raw,recall,sub-019,3,9.333333333333334
20-c,glfnet,raw,recall,sub-020,3,8.666666666666666
20-c,glfnet,raw,watch,sub-001,3,12.0
20-c,glfnet,raw,watch,sub-002,3,14.0
20-c,glfnet,raw,watch,sub-003,3,11.333333333333334
20-c,glfnet,raw,watch,sub-004,3,9.333333333333334
20-c,glfnet,raw,watch,sub-005,3,10.666666666666666
20-c,glfnet,raw,watch,sub-006,3,8.666666666666666
20-c,glfnet,raw,watch,sub-007,3,11.333333333333334
20-c,glfnet,raw,watch,sub-008,3,12.0
20-c,glfnet,raw,watch,sub-009,3,10.0
20-c,glfnet,raw,watch,sub-010,3,16.666666666666668
20-c,glfnet,raw,watch,sub-011,3,10.666666666666666
20-c,glfnet,raw,watch,sub-012,3,10.0
20-c,glfnet,raw,watch,sub-013,3,12.0
20-c,glfnet,raw,watch,sub-014,3,12.0
20-c,glfnet,raw,watch,sub-015,3,8.666666666666666
20-c,glfnet,raw,watch,sub-016,3,12.666666666666666
20-c,glfnet,raw,watch,sub-017,3,9.333333333333334
20-c,glfnet,raw,watch,sub-018,3,9.333333333333334
20-c,glfnet,raw,watch,sub-019,3,15.333333333333334
20-c,glfnet,raw,watch,sub-020,3,15.333333333333334
20-c,glfnet_mlp,de,recall,sub-001,3,6.666666666666667
20-c,glfnet_mlp,de,recall,sub-002,3,11.333333333333334
20-c,glfnet_mlp,de,recall,sub-003,3,9.333333333333334
20-c,glfnet_mlp,de,recall,sub-004,3,9.333333333333334
20-c,glfnet_mlp,de,recall,sub-005,3,10.666666666666666
20-c,glfnet_mlp,de,recall,sub-006,3,10.0
20-c,glfnet_mlp,de,recall,sub-007,3,10.0
20-c,glfnet_mlp,de,recall,sub-008,3,8.0
20-c,glfnet_mlp,de,recall,sub-009,3,12.0
20-c,glfnet_mlp,de,recall,sub-010,3,11.333333333333334
20-c,glfnet_mlp,de,recall,sub-011,3,9.333333333333334
20-c,glfnet_mlp,de,recall,sub-012,3,12.0
20-c,glfnet_mlp,de,recall,sub-013,3,10.666666666666666
20-c,glfnet_mlp,de,recall,sub-014,3,12.0
20-c,glfnet_mlp,de,recall,sub-015,3,10.0
20-c,glfnet_mlp,de,recall,sub-016,3,8.0
20-c,glfnet_mlp,de,recall,sub-017,3,8.666666666666666
20-c,glfnet_mlp,de,recall,sub-018,3,9.333333333333334
20-c,glfnet_mlp,de,recall,sub-019,3,8.666666666666666
20-c,glfnet_mlp,de,recall,sub-020,3,10.666666666666666
20-c,glfnet_mlp,de,watch,sub-001,3,9.333333333333334
20-c,glfnet_mlp,de,watch,sub-002,3,9.333333333333334
20-c,glfnet_mlp,de,watch,sub-003,3,11.333333333333334
20-c,glfnet_mlp,de,watch,sub-004,3,11.333333333333334
20-c,glfnet_mlp,de,watch,sub-005,3,8.666666666666666
20-c,glfnet_mlp,de,watch,sub-006,3,11.333333333333334
20-c,glfnet_mlp,de,watch,sub-007,3,8.666666666666666
20-c,glfnet_mlp,de,watch,sub-008,3,12.666666666666666
20-c,glfnet_mlp,de,watch,sub-009,3,14.0
20-c,glfnet_mlp,de,watch,sub-010,3,11.333333333333334
20-c,glfnet_mlp,de,watch,sub-011,3,14.0
20-c,glfnet_mlp,de,watch,sub-012,3,11.333333333333334
20-c,glfnet_mlp,de,watch,sub-013,3,10.666666666666666
20-c,glfnet_mlp,de,watch,sub-014,3,10.666666666666666
20-c,glfnet_mlp,de,watch,sub-015,3,11.333333333333334
20-c,glfnet_mlp,de,watch,sub-016,3,10.666666666666666
20-c,glfnet_mlp,de,watch,sub-017,3,13.333333333333334
20-c,glfnet_mlp,de,watch,sub-018,3,10.0
20-c,glfnet_mlp,de,watch,sub-019,3,14.0
20-c,glfnet_mlp,de,watch,sub-020,3,11.333333333333334
20-c,glfnet_mlp,psd,recall,sub-001,3,7.333333333333333
20-c,glfnet_mlp,psd,recall,sub-002,3,8.666666666666666
20-c,glfnet_mlp,psd,recall,sub-003,3,8.666666666666666
20-c,glfnet_mlp,psd,recall,sub-004,3,8.666666666666666
20-c,glfnet_mlp,psd,recall,sub-005,3,8.0
20-c,glfnet_mlp,psd,recall,sub-006,3,10.0
20-c,glfnet_mlp,psd,recall,sub-007,3,6.0
20-c,glfnet_mlp,psd,recall,sub-008,3,8.0
20-c,glfnet_mlp,psd,recall,sub-009,3,7.333333333333333
20-c,glfnet_mlp,psd,recall,sub-010,3,5.333333333333333
20-c,glfnet_mlp,psd,recall,sub-011,3,7.333333333333333
20-c,glfnet_mlp,psd,recall,sub-012,3,7.333333333333333
20-c,glfnet_mlp,psd,recall,sub-013,3,6.666666666666667
20-c,glfnet_mlp,psd,recall,sub-014,3,11.333333333333334
20-c,glfnet_mlp,psd,recall,sub-015,3,5.333333333333333
20-c,glfnet_mlp,psd,recall,sub-016,3,8.0
20-c,glfnet_mlp,psd,recall,sub-017,3,10.0
20-c,glfnet_mlp,psd,recall,sub-018,3,8.0
20-c,glfnet_mlp,psd,recall,sub-019,3,7.333333333333333
20-c,glfnet_mlp,psd,recall,sub-020,3,6.666666666666667
20-c,glfnet_mlp,psd,watch,sub-001,3,8.0
20-c,glfnet_mlp,psd,watch,sub-002,3,6.666666666666667
20-c,glfnet_mlp,psd,watch,sub-003,3,8.0
20-c,glfnet_mlp,psd,watch,sub-004,3,8.0
20-c,glfnet_mlp,psd,watch,sub-005,3,7.333333333333333
20-c,glfnet_mlp,psd,watch,sub-006,3,4.666666666666667
20-c,glfnet_mlp,psd,watch,sub-007,3,7.333333333333333
20-c,glfnet_mlp,psd,watch,sub-008,3,10.0
20-c,glfnet_mlp,psd,watch,sub-009,3,11.333333333333334
20-c,glfnet_mlp,psd,watch,sub-010,3,10.0
20-c,glfnet_mlp,psd,watch,sub-011,3,12.666666666666666
20-c,glfnet_mlp,psd,watch,sub-012,3,8.0
20-c,glfnet_mlp,psd,watch,sub-013,3,9.333333333333334
20-c,glfnet_mlp,psd,watch,sub-014,3,8.666666666666666
20-c,glfnet_mlp,psd,watch,sub-015,3,10.666666666666666
20-c,glfnet_mlp,psd,watch,sub-016,3,7.333333333333333
20-c,glfnet_mlp,psd,watch,sub-017,3,10.666666666666666
20-c,glfnet_mlp,psd,watch,sub-018,3,10.666666666666666
20-c,glfnet_mlp,psd,watch,sub-019,3,9.333333333333334
20-c,glfnet_mlp,psd,watch,sub-020,3,7.333333333333333
20-c,mlpnet,de,recall,sub-001,3,8.0
20-c,mlpnet,de,recall,sub-002,3,10.0
20-c,mlpnet,de,recall,sub-003,3,9.333333333333334
20-c,mlpnet,de,recall,sub-004,3,8.666666666666666
20-c,mlpnet,de,recall,sub-005,3,10.666666666666666
20-c,mlpnet,de,recall,sub-006,3,10.666666666666666
20-c,mlpnet,de,recall,sub-007,3,8.666666666666666
20-c,mlpnet,de,recall,sub-008,3,8.666666666666666
20-c,mlpnet,de,recall,sub-009,3,11.333333333333334
20-c,mlpnet,de,recall,sub-010,3,12.666666666666666
20-c,mlpnet,de,recall,sub-011,3,10.0
20-c,mlpnet,de,recall,sub-012,3,10.0
20-c,mlpnet,de,recall,sub-013,3,9.333333333333334
20-c,mlpnet,de,recall,sub-014,3,10.0
20-c,mlpnet,de,recall,sub-015,3,10.666666666666666
20-c,mlpnet,de,recall,sub-016,3,9.333333333333334
20-c,mlpnet,de,recall,sub-017,3,9.333333333333334
20-c,mlpnet,de,recall,sub-018,3,10.0
20-c,mlpnet,de,recall,sub-019,3,10.666666666666666
20-c,mlpnet,de,recall,sub-020,3,12.0
20-c,mlpnet,de,watch,sub-001,3,10.0
20-c,mlpnet,de,watch,sub-002,3,10.666666666666666
20-c,mlpnet,de,watch,sub-003,3,8.666666666666666
20-c,mlpnet,de,watch,sub-004,3,13.333333333333334
20-c,mlpnet,de,watch,sub-005,3,9.333333333333334
20-c,mlpnet,de,watch,sub-006,3,8.666666666666666
20-c,mlpnet,de,watch,sub-007,3,10.666666666666666
20-c,mlpnet,de,watch,sub-008,3,10.666666666666666
20-c,mlpnet,de,watch,sub-009,3,10.666666666666666
20-c,mlpnet,de,watch,sub-010,3,11.333333333333334
20-c,mlpnet,de,watch,sub-011,3,14.0
20-c,mlpnet,de,watch,sub-012,3,10.666666666666666
20-c,mlpnet,de,watch,sub-013,3,9.333333333333334
20-c,mlpnet,de,watch,sub-014,3,9.333333333333334
20-c,mlpnet,de,watch,sub-015,3,12.0
20-c,mlpnet,de,watch,sub-016,3,9.333333333333334
20-c,mlpnet,de,watch,sub-017,3,13.333333333333334
20-c,mlpnet,de,watch,sub-018,3,9.333333333333334
20-c,mlpnet,de,watch,sub-019,3,14.0
20-c,mlpnet,de,watch,sub-020,3,12.0
20-c,mlpnet,psd,recall,sub-001,3,6.0
20-c,mlpnet,psd,recall,sub-002,3,8.0
20-c,mlpnet,psd,recall,sub-003,3,9.333333333333334
20-c,mlpnet,psd,recall,sub-004,3,10.0
20-c,mlpnet,psd,recall,sub-005,3,7.333333333333333
20-c,mlpnet,psd,recall,sub-006,3,6.666666666666667
20-c,mlpnet,psd,recall,sub-007,3,6.666666666666667
20-c,mlpnet,psd,recall,sub-008,3,11.333333333333334
20-c,mlpnet,psd,recall,sub-009,3,6.666666666666667
20-c,mlpnet,psd,recall,sub-010,3,6.0
20-c,mlpnet,psd,recall,sub-011,3,6.666666666666667
20-c,mlpnet,psd,recall,sub-012,3,7.333333333333333
20-c,mlpnet,psd,recall,sub-013,3,6.666666666666667
20-c,mlpnet,psd,recall,sub-014,3,7.333333333333333
20-c,mlpnet,psd,recall,sub-015,3,4.666666666666667
20-c,mlpnet,psd,recall,sub-016,3,6.0
20-c,mlpnet,psd,recall,sub-017,3,10.666666666666666
20-c,mlpnet,psd,recall,sub-018,3,7.333333333333333
20-c,mlpnet,psd,recall,sub-019,3,8.0
20-c,mlpnet,psd,recall,sub-020,3,6.666666666666667
20-c,mlpnet,psd,watch,sub-001,3,6.0
20-c,mlpnet,psd,watch,sub-002,3,4.666666666666667
20-c,mlpnet,psd,watch,sub-003,3,8.0
20-c,mlpnet,psd,watch,sub-004,3,6.666666666666667
20-c,mlpnet,psd,watch,sub-005,3,7.333333333333333
20-c,mlpnet,psd,watch,sub-006,3,7.333333333333333
20-c,mlpnet,psd,watch,sub-007,3,8.666666666666666
20-c,mlpnet,psd,watch,sub-008,3,8.0
20-c,mlpnet,psd,watch,sub-009,3,8.666666666666666
20-c,mlpnet,psd,watch,sub-010,3,8.666666666666666
20-c,mlpnet,psd,watch,sub-011,3,9.333333333333334
20-c,mlpnet,psd,watch,sub-012,3,8.666666666666666
20-c,mlpnet,psd,watch,sub-013,3,7.333333333333333
20-c,mlpnet,psd,watch,sub-014,3,8.0
20-c,mlpnet,psd,watch,sub-015,3,12.0
20-c,mlpnet,psd,watch,sub-016,3,7.333333333333333
20-c,mlpnet,psd,watch,sub-017,3,10.0
20-c,mlpnet,psd,watch,sub-018,3,9.333333333333334
20-c,mlpnet,psd,watch,sub-019,3,8.0
20-c,mlpnet,psd,watch,sub-020,3,8.666666666666666
20-c,shallownet,raw,recall,sub-001,3,6.666666666666667
20-c,shallownet,raw,recall,sub-002,3,10.666666666666666
20-c,shallownet,raw,recall,sub-003,3,11.333333333333334
20-c,shallownet,raw,recall,sub-004,3,12.0
20-c,shallownet,raw,recall,sub-005,3,10.0
20-c,shallownet,raw,recall,sub-006,3,8.0
20-c,shallownet,raw,recall,sub-007,3,10.0
20-c,shallownet,raw,recall,sub-008,3,8.0
20-c,shallownet,raw,recall,sub-009,3,8.666666666666666
20-c,shallownet,raw,recall,sub-010,3,8.666666666666666
20-c,shallownet,raw,recall,sub-011,3,10.666666666666666
20-c,shallownet,raw,recall,sub-012,3,10.666666666666666
20-c,shallownet,raw,recall,sub-013,3,10.0
20-c,shallownet,raw,recall,sub-014,3,10.666666666666666
20-c,shallownet,raw,recall,sub-015,3,8.0
20-c,shallownet,raw,recall,sub-016,3,8.0
20-c,shallownet,raw,recall,sub-017,3,12.666666666666666
20-c,shallownet,raw,recall,sub-018,3,8.0
20-c,shallownet,raw,recall,sub-019,3,8.0
20-c,shallownet,raw,recall,sub-020,3,7.333333333333333
20-c,shallownet,raw,watch,sub-001,3,11.333333333333334
20-c,shallownet,raw,watch,sub-002,3,9.333333333333334
20-c,shallownet,raw,watch,sub-003,3,10.0
20-c,shallownet,raw,watch,sub-004,3,12.0
20-c,shallownet,raw,watch,sub-005,3,8.0
20-c,shallownet,raw,watch,sub-006,3,14.666666666666666
20-c,shallownet,raw,watch,sub-007,3,10.0
20-c,shallownet,raw,watch,sub-008,3,8.666666666666666
20-c,shallownet,raw,watch,sub-009,3,9.333333333333334
20-c,shallownet,raw,watch,sub-010,3,9.333333333333334
20-c,shallownet,raw,watch,sub-011,3,10.0
20-c,shallownet,raw,watch,sub-012,3,12.0
20-c,shallownet,raw,watch,sub-013,3,10.666666666666666
20-c,shallownet,raw,watch,sub-014,3,9.333333333333334
20-c,shallownet,raw,watch,sub-015,3,9.333333333333334
20-c,shallownet,raw,watch,sub-016,3,11.333333333333334
20-c,shallownet,raw,watch,sub-017,3,12.666666666666666
20-c,shallownet,raw,watch,sub-018,3,8.666666666666666
20-c,shallownet,raw,watch,sub-019,3,12.666666666666666
20-c,shallownet,raw,watch,sub-020,3,10.666666666666666
20-c,svm,raw,recall,sub-001,3,1.3333333333333333
20-c,svm,raw,recall,sub-002,3,4.666666666666667
20-c,svm,raw,recall,sub-003,3,2.6666666666666665
20-c,svm,raw,recall,sub-004,3,4.666666666666667
20-c,svm,raw,recall,sub-005,3,4.0
20-c,svm,raw,recall,sub-006,3,4.666666666666667
20-c,svm,raw,recall,sub-007,3,3.3333333333333335
20-c,svm,raw,recall,sub-008,3,2.0
20-c,svm,raw,recall,sub-009,3,2.0
20-c,svm,raw,recall,sub-010,3,3.3333333333333335
20-c,svm,raw,recall,sub-011,3,6.666666666666667
20-c,svm,raw,recall,sub-012,3,4.666666666666667
20-c,svm,raw,recall,sub-013,3,4.0
20-c,svm,raw,recall,sub-014,3,4.666666666666667
20-c,svm,raw,recall,sub-015,3,2.6666666666666665
20-c,svm,raw,recall,sub-016,3,6.666666666666667
20-c,svm,raw,recall,sub-017,3,2.6666666666666665
20-c,svm,raw,recall,sub-018,3,4.0
20-c,svm,raw,recall,sub-019,3,3.3333333333333335
20-c,svm,raw,recall,sub-020,3,4.666666666666667
20-c,svm,raw,watch,sub-001,3,2.0
20-c,svm,raw,watch,sub-002,3,3.3333333333333335
20-c,svm,raw,watch,sub-003,3,3.3333333333333335
20-c,svm,raw,watch,sub-004,3,3.3333333333333335
20-c,svm,raw,watch,sub-005,3,2.0
20-c,svm,raw,watch,sub-006,3,7.333333333333333
20-c,svm,raw,watch,sub-007,3,6.666666666666667
20-c,svm,raw,watch,sub-008,3,4.666666666666667
20-c,svm,raw,watch,sub-009,3,2.6666666666666665
20-c,svm,raw,watch,sub-010,3,5.333333333333333
20-c,svm,raw,watch,sub-011,3,4.666666666666667
20-c,svm,raw,watch,sub-012,3,4.0
20-c,svm,raw,watch,sub-013,3,6.0
20-c,svm,raw,watch,sub-014,3,4.0
20-c,svm,raw,watch,sub-015,3,3.3333333333333335
20-c,svm,raw,watch,sub-016,3,4.0
20-c,svm,raw,watch,sub-017,3,3.3333333333333335
20-c,svm,raw,watch,sub-018,3,2.0
20-c,svm,raw,watch,sub-019,3,5.333333333333333
20-c,svm,raw,watch,sub-020,3,7.333333333333333
20-c,tsconv,raw,recall,sub-001,3,7.333333333333333
20-c,tsconv,raw,recall,sub-002,3,9.333333333333334
20-c,tsconv,raw,recall,sub-003,3,8.666666666666666
20-c,tsconv,raw,recall,sub-004,3,6.666666666666667
20-c,tsconv,raw,recall,sub-005,3,6.666666666666667
20-c,tsconv,raw,recall,sub-006,3,8.0
20-c,tsconv,raw,recall,sub-007,3,10.666666666666666
20-c,tsconv,raw,recall,sub-008,3,9.333333333333334
20-c,tsconv,raw,recall,sub-009,3,9.333333333333334
20-c,tsconv,raw,recall,sub-010,3,9.333333333333334
20-c,tsconv,raw,recall,sub-011,3,10.0
20-c,tsconv,raw,recall,sub-012,3,9.333333333333334
20-c,tsconv,raw,recall,sub-013,3,8.0
20-c,tsconv,raw,recall,sub-014,3,11.333333333333334
20-c,tsconv,raw,recall,sub-015,3,10.0
20-c,tsconv,raw,recall,sub-016,3,9.333333333333334
20-c,tsconv,raw,recall,sub-017,3,8.666666666666666
20-c,tsconv,raw,recall,sub-018,3,8.666666666666666
20-c,tsconv,raw,recall,sub-019,3,10.666666666666666
20-c,tsconv,raw,recall,sub-020,3,13.333333333333334
20-c,tsconv,raw,watch,sub-001,3,9.333333333333334
20-c,tsconv,raw,watch,sub-002,3,9.333333333333334
20-c,tsconv,raw,watch,sub-003,3,10.666666666666666
20-c,tsconv,raw,watch,sub-004,3,13.333333333333334
20-c,tsconv,raw,watch,sub-005,3,7.333333333333333
20-c,tsconv,raw,watch,sub-006,3,10.0
20-c,tsconv,raw,watch,sub-007,3,12.666666666666666
20-c,tsconv,raw,watch,sub-008,3,8.666666666666666
20-c,tsconv,raw,watch,sub-009,3,12.666666666666666
20-c,tsconv,raw,watch,sub-010,3,8.666666666666666
20-c,tsconv,raw,watch,sub-011,3,10.666666666666666
20-c,tsconv,raw,watch,sub-012,3,10.0
20-c,tsconv,raw,watch,sub-013,3,9.333333333333334
20-c,tsconv,raw,watch,sub-014,3,13.333333333333334
20-c,tsconv,raw,watch,sub-015,3,11.333333333333334
20-c,tsconv,raw,watch,sub-016,3,6.666666666666667
20-c,tsconv,raw,watch,sub-017,3,10.0
20-c,tsconv,raw,watch,sub-018,3,10.666666666666666
20-c,tsconv,raw,watch,sub-019,3,10.0
20-c,tsconv,raw,watch,sub-020,3,14.0
4-c,GCN_LSTM,raw,recall,sub-001,3,30.0
4-c,GCN_LSTM,raw,recall,sub-002,3,34.666666666666664
4-c,GCN_LSTM,raw,recall,sub-003,3,39.333333333333336
4-c,GCN_LSTM,raw,recall,sub-004,3,40.666666666666664
4-c,GCN_LSTM,raw,recall,sub-005,3,35.333333333333336
4-c,GCN_LSTM,raw,recall,sub-006,3,37.333333333333336
4-c,GCN_LSTM,raw,recall,sub-007,3,39.333333333333336
4-c,GCN_LSTM,raw,recall,sub-008,3,35.333333333333336
4-c,GCN_LSTM,raw,recall,sub-009,3,36.666666666666664
4-c,GCN_LSTM,raw,recall,sub-010,3,34.666666666666664
4-c,GCN_LSTM,raw,recall,sub-011,3,38.666666666666664
4-c,GCN_LSTM,raw,recall,sub-012,3,38.666666666666664
4-c,GCN_LSTM,raw,recall,sub-013,3,38.666666666666664
4-c,GCN_LSTM,raw,recall,sub-014,3,39.333333333333336
4-c,GCN_LSTM,raw,recall,sub-015,3,31.333333333333332
4-c,GCN_LSTM,raw,recall,sub-016,3,35.333333333333336
4-c,GCN_LSTM,raw,recall,sub-017,3,39.333333333333336
4-c,GCN_LSTM,raw,recall,sub-018,3,33.333333333333336
4-c,GCN_LSTM,raw,recall,sub-019,3,35.333333333333336
4-c,GCN_LSTM,raw,recall,sub-020,3,37.333333333333336
4-c,GCN_LSTM,raw,watch,sub-001,3,38.666666666666664
4-c,GCN_LSTM,raw,watch,sub-002,3,32.666666666666664
4-c,GCN_LSTM,raw,watch,sub-003,3,36.0
4-c,GCN_LSTM,raw,watch,sub-004,3,36.0
4-c,GCN_LSTM,raw,watch,sub-005,3,38.0
4-c,GCN_LSTM,raw,watch,sub-006,3,40.0
4-c,GCN_LSTM,raw,watch,sub-007,3,33.333333333333336
4-c,GCN_LSTM,raw,watch,sub-008,3,36.666666666666664
4-c,GCN_LSTM,raw,watch,sub-009,3,34.0
4-c,GCN_LSTM,raw,watch,sub-010,3,36.666666666666664
4-c,GCN_LSTM,raw,watch,sub-011,3,38.0
4-c,GCN_LSTM,raw,watch,sub-012,3,34.666666666666664
4-c,GCN_LSTM,raw,watch,sub-013,3,35.333333333333336
4-c,GCN_LSTM,raw,watch,sub-014,3,40.0
4-c,GCN_LSTM,raw,watch,sub-015,3,33.333333333333336
4-c,GCN_LSTM,raw,watch,sub-016,3,36.0
4-c,GCN_LSTM,raw,watch,sub-017,3,38.666666666666664
4-c,GCN_LSTM,raw,watch,sub-018,3,32.666666666666664
4-c,GCN_LSTM,raw,watch,sub-019,3,34.666666666666664
4-c,GCN_LSTM,raw,watch,sub-020,3,38.0
4-c,conformer,raw,recall,sub-001,3,33.333333333333336
4-c,conformer,raw,recall,sub-002,3,36.0
4-c,conformer,raw,recall,sub-003,3,33.333333333333336
4-c,conformer,raw,recall,sub-004,3,34.0
4-c,conformer,raw,recall,sub-005,3,33.333333333333336
4-c,conformer,raw,recall,sub-006,3,38.0
4-c,conformer,raw,recall,sub-007,3,34.0
4-c,conformer,raw,recall,sub-008,3,34.0
4-c,conformer,raw,recall,sub-009,3,38.0
4-c,conformer,raw,recall,sub-010,3,32.0
4-c,conformer,raw,recall,sub-011,3,38.666666666666664
4-c,conformer,raw,recall,sub-012,3,36.0
4-c,conformer,raw,recall,sub-013,3,34.666666666666664
4-c,conformer,raw,recall,sub-014,3,40.0
4-c,conformer,raw,recall,sub-015,3,34.0
4-c,conformer,raw,recall,sub-016,3,38.666666666666664
4-c,conformer,raw,recall,sub-017,3,36.0
4-c,conformer,raw,recall,sub-018,3,38.0
4-c,conformer,raw,recall,sub-019,3,36.666666666666664
4-c,conformer,raw,recall,sub-020,3,38.0
4-c,conformer,raw,watch,sub-001,3,42.0
4-c,conformer,raw,watch,sub-002,3,40.0
4-c,conformer,raw,watch,sub-003,3,32.666666666666664
4-c,conformer,raw,watch,sub-004,3,32.0
4-c,conformer,raw,watch,sub-005,3,39.333333333333336
4-c,conformer,raw,watch,sub-006,3,31.333333333333332
4-c,conformer,raw,watch,sub-007,3,36.666666666666664
4-c,conformer,raw,watch,sub-008,3,38.666666666666664
4-c,conformer,raw,watch,sub-009,3,43.333333333333336
4-c,conformer,raw,watch,sub-010,3,40.0
4-c,conformer,raw,watch,sub-011,3,38.0
4-c,conformer,raw,watch,sub-012,3,36.0
4-c,conformer,raw,watch,sub-013,3,34.0
4-c,conformer,raw,watch,sub-014,3,42.0
4-c,conformer,raw,watch,sub-015,3,36.666666666666664
4-c,conformer,raw,watch,sub-016,3,32.666666666666664
4-c,conformer,raw,watch,sub-017,3,39.333333333333336
4-c,conformer,raw,watch,sub-018,3,36.666666666666664
4-c,conformer,raw,watch,sub-019,3,36.666666666666664
4-c,conformer,raw,watch,sub-020,3,35.333333333333336
4-c,deepnet,raw,recall,sub-001,3,32.666666666666664
4-c,deepnet,raw,recall,sub-002,3,34.0
4-c,deepnet,raw,recall,sub-003,3,33.333333333333336
4-c,deepnet,raw,recall,sub-004,3,38.0
4-c,deepnet,raw,recall,sub-005,3,34.666666666666664
4-c,deepnet,raw,recall,sub-006,3,38.0
4-c,deepnet,raw,recall,sub-007,3,33.333333333333336
4-c,deepnet,raw,recall,sub-008,3,31.333333333333332
4-c,deepnet,raw,recall,sub-009,3,37.333333333333336
4-c,deepnet,raw,recall,sub-010,3,32.666666666666664
4-c,deepnet,raw,recall,sub-011,3,28.666666666666668
4-c,deepnet,raw,recall,sub-012,3,31.333333333333332
4-c,deepnet,raw,recall,sub-013,3,33.333333333333336
4-c,deepnet,raw,recall,sub-014,3,40.0
4-c,deepnet,raw,recall,sub-015,3,35.333333333333336
4-c,deepnet,raw,recall,sub-016,3,35.333333333333336
4-c,deepnet,raw,recall,sub-017,3,37.333333333333336
4-c,deepnet,raw,recall,sub-018,3,36.0
4-c,deepnet,raw,recall,sub-019,3,35.333333333333336
4-c,deepnet,raw,recall,sub-020,3,31.333333333333332
4-c,deepnet,raw,watch,sub-001,3,34.666666666666664
4-c,deepnet,raw,watch,sub-002,3,38.666666666666664
4-c,deepnet,raw,watch,sub-003,3,40.666666666666664
4-c,deepnet,raw,watch,sub-004,3,36.666666666666664
4-c,deepnet,raw,watch,sub-005,3,40.0
4-c,deepnet,raw,watch,sub-006,3,37.333333333333336
4-c,deepnet,raw,watch,sub-007,3,40.666666666666664
4-c,deepnet,raw,watch,sub-008,3,38.666666666666664
4-c,deepnet,raw,watch,sub-009,3,44.666666666666664
4-c,deepnet,raw,watch,sub-010,3,44.0
4-c,deepnet,raw,watch,sub-011,3,35.333333333333336
4-c,deepnet,raw,watch,sub-012,3,36.666666666666664
4-c,deepnet,raw,watch,sub-013,3,38.666666666666664
4-c,deepnet,raw,watch,sub-014,3,44.666666666666664
4-c,deepnet,raw,watch,sub-015,3,36.0
4-c,deepnet,raw,watch,sub-016,3,37.333333333333336
4-c,deepnet,raw,watch,sub-017,3,42.666666666666664
4-c,deepnet,raw,watch,sub-018,3,32.0
4-c,deepnet,raw,watch,sub-019,3,38.0
4-c,deepnet,raw,watch,sub-020,3,40.0
4-c,eegnet,raw,recall,sub-001,3,34.666666666666664
4-c,eegnet,raw,recall,sub-002,3,39.333333333333336
4-c,eegnet,raw,recall,sub-003,3,34.0
4-c,eegnet,raw,recall,sub-004,3,30.666666666666668
4-c,eegnet,raw,recall,sub-005,3,30.0
4-c,eegnet,raw,recall,sub-006,3,36.666666666666664
4-c,eegnet,raw,recall,sub-007,3,30.666666666666668
4-c,eegnet,raw,recall,sub-008,3,30.0
4-c,eegnet,raw,recall,sub-009,3,37.333333333333336
4-c,eegnet,raw,recall,sub-010,3,32.666666666666664
4-c,eegnet,raw,recall,sub-011,3,30.666666666666668
4-c,eegnet,raw,recall,sub-012,3,35.333333333333336
4-c,eegnet,raw,recall,sub-013,3,32.0
4-c,eegnet,raw,recall,sub-014,3,40.0
4-c,eegnet,raw,recall,sub-015,3,33.333333333333336
4-c,eegnet,raw,recall,sub-016,3,34.666666666666664
4-c,eegnet,raw,recall,sub-017,3,38.666666666666664
4-c,eegnet,raw,recall,sub-018,3,38.0
4-c,eegnet,raw,recall,sub-019,3,32.666666666666664
4-c,eegnet,raw,recall,sub-020,3,30.666666666666668
4-c,eegnet,raw,watch,sub-001,3,32.0
4-c,eegnet,raw,watch,sub-002,3,39.333333333333336
4-c,eegnet,raw,watch,sub-003,3,38.0
4-c,eegnet,raw,watch,sub-004,3,33.333333333333336
4-c,eegnet,raw,watch,sub-005,3,42.0
4-c,eegnet,raw,watch,sub-006,3,38.0
4-c,eegnet,raw,watch,sub-007,3,30.666666666666668
4-c,eegnet,raw,watch,sub-008,3,36.666666666666664
4-c,eegnet,raw,watch,sub-009,3,35.333333333333336
4-c,eegnet,raw,watch,sub-010,3,37.333333333333336
4-c,eegnet,raw,watch,sub-011,3,32.666666666666664
4-c,eegnet,raw,watch,sub-012,3,38.666666666666664
4-c,eegnet,raw,watch,sub-013,3,42.0
4-c,eegnet,raw,watch,sub-014,3,39.333333333333336
4-c,eegnet,raw,watch,sub-015,3,39.333333333333336
4-c,eegnet,raw,watch,sub-016,3,36.0
4-c,eegnet,raw,watch,sub-017,3,40.666666666666664
4-c,eegnet,raw,watch,sub-018,3,36.666666666666664
4-c,eegnet,raw,watch,sub-019,3,40.0
4-c,eegnet,raw,watch,sub-020,3,42.666666666666664
4-c,glfnet,raw,recall,sub-001,3,32.0
4-c,glfnet,raw,recall,sub-002,3,34.0
4-c,glfnet,raw,recall,sub-003,3,31.333333333333332
4-c,glfnet,raw,recall,sub-004,3,34.666666666666664
4-c,glfnet,raw,recall,sub-005,3,34.666666666666664
4-c,glfnet,raw,recall,sub-006,3,38.0
4-c,glfnet,raw,recall,sub-007,3,32.0
4-c,glfnet,raw,recall,sub-008,3,29.333333333333332
4-c,glfnet,raw,recall,sub-009,3,36.0
4-c,glfnet,raw,recall,sub-010,3,33.333333333333336
4-c,glfnet,raw,recall,sub-011,3,33.333333333333336
4-c,glfnet,raw,recall,sub-012,3,34.0
4-c,glfnet,raw,recall,sub-013,3,34.666666666666664
4-c,glfnet,raw,recall,sub-014,3,34.666666666666664
4-c,glfnet,raw,recall,sub-015,3,28.666666666666668
4-c,glfnet,raw,recall,sub-016,3,36.666666666666664
4-c,glfnet,raw,recall,sub-017,3,34.666666666666664
4-c,glfnet,raw,recall,sub-018,3,36.666666666666664
4-c,glfnet,raw,recall,sub-019,3,33.333333333333336
4-c,glfnet,raw,recall,sub-020,3,31.333333333333332
4-c,glfnet,raw,watch,sub-001,3,40.0
4-c,glfnet,raw,watch,sub-002,3,43.333333333333336
4-c,glfnet,raw,watch,sub-003,3,36.0
4-c,glfnet,raw,watch,sub-004,3,38.666666666666664
4-c,glfnet,raw,watch,sub-005,3,37.333333333333336
4-c,glfnet,raw,watch,sub-006,3,41.333333333333336
4-c,glfnet,raw,watch,sub-007,3,36.666666666666664
4-c,glfnet,raw,watch,sub-008,3,36.666666666666664
4-c,glfnet,raw,watch,sub-009,3,46.0
4-c,glfnet,raw,watch,sub-010,3,38.0
4-c,glfnet,raw,watch,sub-011,3,38.0
4-c,glfnet,raw,watch,sub-012,3,40.0
4-c,glfnet,raw,watch,sub-013,3,39.333333333333336
4-c,glfnet,raw,watch,sub-014,3,40.0
4-c,glfnet,raw,watch,sub-015,3,34.666666666666664
4-c,glfnet,raw,watch,sub-016,3,38.0
4-c,glfnet,raw,watch,sub-017,3,38.666666666666664
4-c,glfnet,raw,watch,sub-018,3,37.333333333333336
4-c,glfnet,raw,watch,sub-019,3,43.333333333333336
4-c,glfnet,raw,watch,sub-020,3,47.333333333333336
4-c,glfnet_mlp,de,recall,sub-001,3,30.666666666666668
4-c,glfnet_mlp,de,recall,sub-002,3,32.0
4-c,glfnet_mlp,de,recall,sub-003,3,34.666666666666664
4-c,glfnet_mlp,de,recall,sub-004,3,36.666666666666664
4-c,glfnet_mlp,de,recall,sub-005,3,32.0
4-c,glfnet_mlp,de,recall,sub-006,3,37.333333333333336
4-c,glfnet_mlp,de,recall,sub-007,3,36.666666666666664
4-c,glfnet_mlp,de,recall,sub-008,3,34.0
4-c,glfnet_mlp,de,recall,sub-009,3,40.0
4-c,glfnet_mlp,de,recall,sub-010,3,32.666666666666664
4-c,glfnet_mlp,de,recall,sub-011,3,35.333333333333336
4-c,glfnet_mlp,de,recall,sub-012,3,36.0
4-c,glfnet_mlp,de,recall,sub-013,3,33.333333333333336
4-c,glfnet_mlp,de,recall,sub-014,3,32.666666666666664
4-c,glfnet_mlp,de,recall,sub-015,3,34.0
4-c,glfnet_mlp,de,recall,sub-016,3,33.333333333333336
4-c,glfnet_mlp,de,recall,sub-017,3,34.666666666666664
4-c,glfnet_mlp,de,recall,sub-018,3,36.0
4-c,glfnet_mlp,de,recall,sub-019,3,35.333333333333336
4-c,glfnet_mlp,de,recall,sub-020,3,34.666666666666664
4-c,glfnet_mlp,de,watch,sub-001,3,35.333333333333336
4-c,glfnet_mlp,de,watch,sub-002,3,36.666666666666664
4-c,glfnet_mlp,de,watch,sub-003,3,37.333333333333336
4-c,glfnet_mlp,de,watch,sub-004,3,37.333333333333336
4-c,glfnet_mlp,de,watch,sub-005,3,36.666666666666664
4-c,glfnet_mlp,de,watch,sub-006,3,40.666666666666664
4-c,glfnet_mlp,de,watch,sub-007,3,38.0
4-c,glfnet_mlp,de,watch,sub-008,3,36.666666666666664
4-c,glfnet_mlp,de,watch,sub-009,3,37.333333333333336
4-c,glfnet_mlp,de,watch,sub-010,3,34.0
4-c,glfnet_mlp,de,watch,sub-011,3,42.0
4-c,glfnet_mlp,de,watch,sub-012,3,35.333333333333336
4-c,glfnet_mlp,de,watch,sub-013,3,32.666666666666664
4-c,glfnet_mlp,de,watch,sub-014,3,36.666666666666664
4-c,glfnet_mlp,de,watch,sub-015,3,36.666666666666664
4-c,glfnet_mlp,de,watch,sub-016,3,36.0
4-c,glfnet_mlp,de,watch,sub-017,3,37.333333333333336
4-c,glfnet_mlp,de,watch,sub-018,3,33.333333333333336
4-c,glfnet_mlp,de,watch,sub-019,3,36.0
4-c,glfnet_mlp,de,watch,sub-020,3,38.666666666666664
4-c,glfnet_mlp,psd,recall,sub-001,3,34.0
4-c,glfnet_mlp,psd,recall,sub-002,3,35.333333333333336
4-c,glfnet_mlp,psd,recall,sub-003,3,28.0
4-c,glfnet_mlp,psd,recall,sub-004,3,35.333333333333336
4-c,glfnet_mlp,psd,recall,sub-005,3,31.333333333333332
4-c,glfnet_mlp,psd,recall,sub-006,3,36.0
4-c,glfnet_mlp,psd,recall,sub-007,3,32.0
4-c,glfnet_mlp,psd,recall,sub-008,3,39.333333333333336
4-c,glfnet_mlp,psd,recall,sub-009,3,34.666666666666664
4-c,glfnet_mlp,psd,recall,sub-010,3,33.333333333333336
4-c,glfnet_mlp,psd,recall,sub-011,3,40.0
4-c,glfnet_mlp,psd,recall,sub-012,3,32.0
4-c,glfnet_mlp,psd,recall,sub-013,3,35.333333333333336
4-c,glfnet_mlp,psd,recall,sub-014,3,32.0
4-c,glfnet_mlp,psd,recall,sub-015,3,31.333333333333332
4-c,glfnet_mlp,psd,recall,sub-016,3,32.666666666666664
4-c,glfnet_mlp,psd,recall,sub-017,3,34.0
4-c,glfnet_mlp,psd,recall,sub-018,3,34.0
4-c,glfnet_mlp,psd,recall,sub-019,3,32.666666666666664
4-c,glfnet_mlp,psd,recall,sub-020,3,36.666666666666664
4-c,glfnet_mlp,psd,watch,sub-001,3,36.0
4-c,glfnet_mlp,psd,watch,sub-002,3,30.0
4-c,glfnet_mlp,psd,watch,sub-003,3,37.333333333333336
4-c,glfnet_mlp,psd,watch,sub-004,3,32.0
4-c,glfnet_mlp,psd,watch,sub-005,3,40.0
4-c,glfnet_mlp,psd,watch,sub-006,3,33.333333333333336
4-c,glfnet_mlp,psd,watch,sub-007,3,38.0
4-c,glfnet_mlp,psd,watch,sub-008,3,37.333333333333336
4-c,glfnet_mlp,psd,watch,sub-009,3,31.333333333333332
4-c,glfnet_mlp,psd,watch,sub-010,3,36.0
4-c,glfnet_mlp,psd,watch,sub-011,3,40.0
4-c,glfnet_mlp,psd,watch,sub-012,3,33.333333333333336
4-c,glfnet_mlp,psd,watch,sub-013,3,30.666666666666668
4-c,glfnet_mlp,psd,watch,sub-014,3,42.666666666666664
4-c,glfnet_mlp,psd,watch,sub-015,3,36.666666666666664
4-c,glfnet_mlp,psd,watch,sub-016,3,37.333333333333336
4-c,glfnet_mlp,psd,watch,sub-017,3,34.0
4-c,glfnet_mlp,psd,watch,sub-018,3,37.333333333333336
4-c,glfnet_mlp,psd,watch,sub-019,3,35.333333333333336
4-c,glfnet_mlp,psd,watch,sub-020,3,37.333333333333336
4-c,mlpnet,de,recall,sub-001,3,32.666666666666664
4-c,mlpnet,de,recall,sub-002,3,33.333333333333336
4-c,mlpnet,de,recall,sub-003,3,36.0
4-c,mlpnet,de,recall,sub-004,3,38.666666666666664
4-c,mlpnet,de,recall,sub-005,3,32.666666666666664
4-c,mlpnet,de,recall,sub-006,3,35.333333333333336
4-c,mlpnet,de,recall,sub-007,3,33.333333333333336
4-c,mlpnet,de,recall,sub-008,3,34.0
4-c,mlpnet,de,recall,sub-009,3,38.0
4-c,mlpnet,de,recall,sub-010,3,36.0
4-c,mlpnet,de,recall,sub-011,3,34.666666666666664
4-c,mlpnet,de,recall,sub-012,3,36.666666666666664
4-c,mlpnet,de,recall,sub-013,3,36.0
4-c,mlpnet,de,recall,sub-014,3,33.333333333333336
4-c,mlpnet,de,recall,sub-015,3,31.333333333333332
4-c,mlpnet,de,recall,sub-016,3,31.333333333333332
4-c,mlpnet,de,recall,sub-017,3,37.333333333333336
4-c,mlpnet,de,recall,sub-018,3,39.333333333333336
4-c,mlpnet,de,recall,sub-019,3,36.0
4-c,mlpnet,de,recall,sub-020,3,34.0
4-c,mlpnet,de,watch,sub-001,3,38.666666666666664
4-c,mlpnet,de,watch,sub-002,3,34.666666666666664
4-c,mlpnet,de,watch,sub-003,3,34.666666666666664
4-c,mlpnet,de,watch,sub-004,3,36.666666666666664
4-c,mlpnet,de,watch,sub-005,3,35.333333333333336
4-c,mlpnet,de,watch,sub-006,3,40.666666666666664
4-c,mlpnet,de,watch,sub-007,3,38.0
4-c,mlpnet,de,watch,sub-008,3,38.0
4-c,mlpnet,de,watch,sub-009,3,34.666666666666664
4-c,mlpnet,de,watch,sub-010,3,34.0
4-c,mlpnet,de,watch,sub-011,3,40.666666666666664
4-c,mlpnet,de,watch,sub-012,3,36.666666666666664
4-c,mlpnet,de,watch,sub-013,3,34.0
4-c,mlpnet,de,watch,sub-014,3,42.0
4-c,mlpnet,de,watch,sub-015,3,35.333333333333336
4-c,mlpnet,de,watch,sub-016,3,35.333333333333336
4-c,mlpnet,de,watch,sub-017,3,36.666666666666664
4-c,mlpnet,de,watch,sub-018,3,34.666666666666664
4-c,mlpnet,de,watch,sub-019,3,36.0
4-c,mlpnet,de,watch,sub-020,3,40.666666666666664
4-c,mlpnet,psd,recall,sub-001,3,30.0
4-c,mlpnet,psd,recall,sub-002,3,36.0
4-c,mlpnet,psd,recall,sub-003,3,28.0
4-c,mlpnet,psd,recall,sub-004,3,37.333333333333336
4-c,mlpnet,psd,recall,sub-005,3,32.0
4-c,mlpnet,psd,recall,sub-006,3,36.0
4-c,mlpnet,psd,recall,sub-007,3,37.333333333333336
4-c,mlpnet,psd,recall,sub-008,3,39.333333333333336
4-c,mlpnet,psd,recall,sub-009,3,35.333333333333336
4-c,mlpnet,psd,recall,sub-010,3,32.0
4-c,mlpnet,psd,recall,sub-011,3,34.0
4-c,mlpnet,psd,recall,sub-012,3,31.333333333333332
4-c,mlpnet,psd,recall,sub-013,3,31.333333333333332
4-c,mlpnet,psd,recall,sub-014,3,34.0
4-c,mlpnet,psd,recall,sub-015,3,28.666666666666668
4-c,mlpnet,psd,recall,sub-016,3,29.333333333333332
4-c,mlpnet,psd,recall,sub-017,3,34.0
4-c,mlpnet,psd,recall,sub-018,3,36.0
4-c,mlpnet,psd,recall,sub-019,3,29.333333333333332
4-c,mlpnet,psd,recall,sub-020,3,35.333333333333336
4-c,mlpnet,psd,watch,sub-001,3,38.666666666666664
4-c,mlpnet,psd,watch,sub-002,3,33.333333333333336
4-c,mlpnet,psd,watch,sub-003,3,36.0
4-c,mlpnet,psd,watch,sub-004,3,35.333333333333336
4-c,mlpnet,psd,watch,sub-005,3,38.666666666666664
4-c,mlpnet,psd,watch,sub-006,3,34.666666666666664
4-c,mlpnet,psd,watch,sub-007,3,34.0
4-c,mlpnet,psd,watch,sub-008,3,35.333333333333336
4-c,mlpnet,psd,watch,sub-009,3,32.0
4-c,mlpnet,psd,watch,sub-010,3,36.666666666666664
4-c,mlpnet,psd,watch,sub-011,3,37.333333333333336
4-c,mlpnet,psd,watch,sub-012,3,31.333333333333332
4-c,mlpnet,psd,watch,sub-013,3,32.0
4-c,mlpnet,psd,watch,sub-014,3,41.333333333333336
4-c,mlpnet,psd,watch,sub-015,3,36.0
4-c,mlpnet,psd,watch,sub-016,3,34.666666666666664
4-c,mlpnet,psd,watch,sub-017,3,33.333333333333336
4-c,mlpnet,psd,watch,sub-018,3,34.0
4-c,mlpnet,psd,watch,sub-019,3,33.333333333333336
4-c,mlpnet,psd,watch,sub-020,3,36.0
4-c,shallownet,raw,recall,sub-001,3,33.333333333333336
4-c,shallownet,raw,recall,sub-002,3,32.666666666666664
4-c,shallownet,raw,recall,sub-003,3,33.333333333333336
4-c,shallownet,raw,recall,sub-004,3,31.333333333333332
4-c,shallownet,raw,recall,sub-005,3,32.666666666666664
4-c,shallownet,raw,recall,sub-006,3,31.333333333333332
4-c,shallownet,raw,recall,sub-007,3,34.666666666666664
4-c,shallownet,raw,recall,sub-008,3,28.666666666666668
4-c,shallownet,raw,recall,sub-009,3,35.333333333333336
4-c,shallownet,raw,recall,sub-010,3,32.666666666666664
4-c,shallownet,raw,recall,sub-011,3,32.0
4-c,shallownet,raw,recall,sub-012,3,34.666666666666664
4-c,shallownet,raw,recall,sub-013,3,36.0
4-c,shallownet,raw,recall,sub-014,3,36.666666666666664
4-c,shallownet,raw,recall,sub-015,3,27.333333333333332
4-c,shallownet,raw,recall,sub-016,3,38.0
4-c,shallownet,raw,recall,sub-017,3,38.0
4-c,shallownet,raw,recall,sub-018,3,41.333333333333336
4-c,shallownet,raw,recall,sub-019,3,34.666666666666664
4-c,shallownet,raw,recall,sub-020,3,34.666666666666664
4-c,shallownet,raw,watch,sub-001,3,44.666666666666664
4-c,shallownet,raw,watch,sub-002,3,39.333333333333336
4-c,shallownet,raw,watch,sub-003,3,39.333333333333336
4-c,shallownet,raw,watch,sub-004,3,34.0
4-c,shallownet,raw,watch,sub-005,3,38.0
4-c,shallownet,raw,watch,sub-006,3,38.666666666666664
4-c,shallownet,raw,watch,sub-007,3,36.666666666666664
4-c,shallownet,raw,watch,sub-008,3,38.0
4-c,shallownet,raw,watch,sub-009,3,43.333333333333336
4-c,shallownet,raw,watch,sub-010,3,35.333333333333336
4-c,shallownet,raw,watch,sub-011,3,36.666666666666664
4-c,shallownet,raw,watch,sub-012,3,35.333333333333336
4-c,shallownet,raw,watch,sub-013,3,42.0
4-c,shallownet,raw,watch,sub-014,3,40.0
4-c,shallownet,raw,watch,sub-015,3,34.666666666666664
4-c,shallownet,raw,watch,sub-016,3,32.666666666666664
4-c,shallownet,raw,watch,sub-017,3,37.333333333333336
4-c,shallownet,raw,watch,sub-018,3,34.0
4-c,shallownet,raw,watch,sub-019,3,39.333333333333336
4-c,shallownet,raw,watch,sub-020,3,46.0
4-c,svm,raw,recall,sub-001,3,28.0
4-c,svm,raw,recall,sub-002,3,23.333333333333332
4-c,svm,raw,recall,sub-003,3,21.333333333333332
4-c,svm,raw,recall,sub-004,3,17.333333333333332
4-c,svm,raw,recall,sub-005,3,23.333333333333332
4-c,svm,raw,recall,sub-006,3,22.666666666666668
4-c,svm,raw,recall,sub-007,3,23.333333333333332
4-c,svm,raw,recall,sub-008,3,18.0
4-c,svm,raw,recall,sub-009,3,24.0
4-c,svm,raw,recall,sub-010,3,24.666666666666668
4-c,svm,raw,recall,sub-011,3,26.666666666666668
4-c,svm,raw,recall,sub-012,3,26.666666666666668
4-c,svm,raw,recall,sub-013,3,21.333333333333332
4-c,svm,raw,recall,sub-014,3,25.333333333333332
4-c,svm,raw,recall,sub-015,3,18.0
4-c,svm,raw,recall,sub-016,3,21.333333333333332
4-c,svm,raw,recall,sub-017,3,22.0
4-c,svm,raw,recall,sub-018,3,23.333333333333332
4-c,svm,raw,recall,sub-019,3,22.666666666666668
4-c,svm,raw,recall,sub-020,3,27.333333333333332
4-c,svm,raw,watch,sub-001,3,28.666666666666668
4-c,svm,raw,watch,sub-002,3,25.333333333333332
4-c,svm,raw,watch,sub-003,3,32.666666666666664
4-c,svm,raw,watch,sub-004,3,27.333333333333332
4-c,svm,raw,watch,sub-005,3,30.666666666666668
4-c,svm,raw,watch,sub-006,3,25.333333333333332
4-c,svm,raw,watch,sub-007,3,26.666666666666668
4-c,svm,raw,watch,sub-008,3,26.666666666666668
4-c,svm,raw,watch,sub-009,3,25.333333333333332
4-c,svm,raw,watch,sub-010,3,27.333333333333332
4-c,svm,raw,watch,sub-011,3,26.0
4-c,svm,raw,watch,sub-012,3,22.0
4-c,svm,raw,watch,sub-013,3,30.0
4-c,svm,raw,watch,sub-014,3,26.666666666666668
4-c,svm,raw,watch,sub-015,3,28.0
4-c,svm,raw,watch,sub-016,3,32.0
4-c,svm,raw,watch,sub-017,3,27.333333333333332
4-c,svm,raw,watch,sub-018,3,22.666666666666668
4-c,svm,raw,watch,sub-019,3,32.0
4-c,svm,raw,watch,sub-020,3,25.333333333333332
4-c,tsconv,raw,recall,sub-001,3,34.0
4-c,tsconv,raw,recall,sub-002,3,35.333333333333336
4-c,tsconv,raw,recall,sub-003,3,35.333333333333336
4-c,tsconv,raw,recall,sub-004,3,31.333333333333332
4-c,tsconv,raw,recall,sub-005,3,32.666666666666664
4-c,tsconv,raw,recall,sub-006,3,32.0
4-c,tsconv,raw,recall,sub-007,3,36.0
4-c,tsconv,raw,recall,sub-008,3,33.333333333333336
4-c,tsconv,raw,recall,sub-009,3,37.333333333333336
4-c,tsconv,raw,recall,sub-010,3,31.333333333333332
4-c,tsconv,raw,recall,sub-011,3,38.0
4-c,tsconv,raw,recall,sub-012,3,30.666666666666668
4-c,tsconv,raw,recall,sub-013,3,35.333333333333336
4-c,tsconv,raw,recall,sub-014,3,37.333333333333336
4-c,tsconv,raw,recall,sub-015,3,26.666666666666668
4-c,tsconv,raw,recall,sub-016,3,33.333333333333336
4-c,tsconv,raw,recall,sub-017,3,38.666666666666664
4-c,tsconv,raw,recall,sub-018,3,36.666666666666664
4-c,tsconv,raw,recall,sub-019,3,31.333333333333332
4-c,tsconv,raw,recall,sub-020,3,32.666666666666664
4-c,tsconv,raw,watch,sub-001,3,36.0
4-c,tsconv,raw,watch,sub-002,3,34.0
4-c,tsconv,raw,watch,sub-003,3,35.333333333333336
4-c,tsconv,raw,watch,sub-004,3,36.0
4-c,tsconv,raw,watch,sub-005,3,36.666666666666664
4-c,tsconv,raw,watch,sub-006,3,34.0
4-c,tsconv,raw,watch,sub-007,3,34.666666666666664
4-c,tsconv,raw,watch,sub-008,3,41.333333333333336
4-c,tsconv,raw,watch,sub-009,3,39.333333333333336
4-c,tsconv,raw,watch,sub-010,3,36.0
4-c,tsconv,raw,watch,sub-011,3,38.0
4-c,tsconv,raw,watch,sub-012,3,37.333333333333336
4-c,tsconv,raw,watch,sub-013,3,36.0
4-c,tsconv,raw,watch,sub-014,3,40.666666666666664
4-c,tsconv,raw,watch,sub-015,3,34.666666666666664
4-c,tsconv,raw,watch,sub-016,3,33.333333333333336
4-c,tsconv,raw,watch,sub-017,3,33.333333333333336
4-c,tsconv,raw,watch,sub-018,3,32.666666666666664
4-c,tsconv,raw,watch,sub-019,3,40.0
4-c,tsconv,raw,watch,sub-020,3,38.0
color,GCN_LSTM,raw,recall,sub-001,3,27.333333333333332
color,GCN_LSTM,raw,recall,sub-002,3,32.666666666666664
color,GCN_LSTM,raw,recall,sub-003,3,26.0
color,GCN_LSTM,raw,recall,sub-004,3,29.333333333333332
color,GCN_LSTM,raw,recall,sub-005,3,30.666666666666668
color,GCN_LSTM,raw,recall,sub-006,3,34.0
color,GCN_LSTM,raw,recall,sub-007,3,32.0
color,GCN_LSTM,raw,recall,sub-008,3,27.333333333333332
color,GCN_LSTM,raw,recall,sub-009,3,29.333333333333332
color,GCN_LSTM,raw,recall,sub-010,3,30.0
color,GCN_LSTM,raw,recall,sub-011,3,32.666666666666664
color,GCN_LSTM,raw,recall,sub-012,3,32.666666666666664
color,GCN_LSTM,raw,recall,sub-013,3,28.666666666666668
color,GCN_LSTM,raw,recall,sub-014,3,32.666666666666664
color,GCN_LSTM,raw,recall,sub-015,3,31.333333333333332
color,GCN_LSTM,raw,recall,sub-016,3,30.0
color,GCN_LSTM,raw,recall,sub-017,3,29.333333333333332
color,GCN_LSTM,raw,recall,sub-018,3,30.666666666666668
color,GCN_LSTM,raw,recall,sub-019,3,26.0
color,GCN_LSTM,raw,recall,sub-020,3,28.666666666666668
color,GCN_LSTM,raw,watch,sub-001,3,28.0
color,GCN_LSTM,raw,watch,sub-002,3,28.0
color,GCN_LSTM,raw,watch,sub-003,3,24.0
color,GCN_LSTM,raw,watch,sub-004,3,32.666666666666664
color,GCN_LSTM,raw,watch,sub-005,3,28.0
color,GCN_LSTM,raw,watch,sub-006,3,30.0
color,GCN_LSTM,raw,watch,sub-007,3,30.666666666666668
color,GCN_LSTM,raw,watch,sub-008,3,30.666666666666668
color,GCN_LSTM,raw,watch,sub-009,3,31.333333333333332
color,GCN_LSTM,raw,watch,sub-010,3,30.666666666666668
color,GCN_LSTM,raw,watch,sub-011,3,33.333333333333336
color,GCN_LSTM,raw,watch,sub-012,3,33.333333333333336
color,GCN_LSTM,raw,watch,sub-013,3,28.666666666666668
color,GCN_LSTM,raw,watch,sub-014,3,36.666666666666664
color,GCN_LSTM,raw,watch,sub-015,3,30.666666666666668
color,GCN_LSTM,raw,watch,sub-016,3,26.666666666666668
color,GCN_LSTM,raw,watch,sub-017,3,34.0
color,GCN_LSTM,raw,watch,sub-018,3,30.0
color,GCN_LSTM,raw,watch,sub-019,3,35.333333333333336
color,GCN_LSTM,raw,watch,sub-020,3,32.666666666666664
color,conformer,raw,recall,sub-001,3,29.333333333333332
color,conformer,raw,recall,sub-002,3,28.0
color,conformer,raw,recall,sub-003,3,30.666666666666668
color,conformer,raw,recall,sub-004,3,28.666666666666668
color,conformer,raw,recall,sub-005,3,30.666666666666668
color,conformer,raw,recall,sub-006,3,30.0
color,conformer,raw,recall,sub-007,3,28.0
color,conformer,raw,recall,sub-008,3,32.0
color,conformer,raw,recall,sub-009,3,27.333333333333332
color,conformer,raw,recall,sub-010,3,30.0
color,conformer,raw,recall,sub-011,3,32.666666666666664
color,conformer,raw,recall,sub-012,3,28.0
color,conformer,raw,recall,sub-013,3,27.333333333333332
color,conformer,raw,recall,sub-014,3,26.666666666666668
color,conformer,raw,recall,sub-015,3,30.666666666666668
color,conformer,raw,recall,sub-016,3,24.666666666666668
color,conformer,raw,recall,sub-017,3,32.666666666666664
color,conformer,raw,recall,sub-018,3,31.333333333333332
color,conformer,raw,recall,sub-019,3,28.666666666666668
color,conformer,raw,recall,sub-020,3,28.666666666666668
color,conformer,raw,watch,sub-001,3,36.666666666666664
color,conformer,raw,watch,sub-002,3,30.0
color,conformer,raw,watch,sub-003,3,34.666666666666664
color,conformer,raw,watch,sub-004,3,32.0
color,conformer,raw,watch,sub-005,3,29.333333333333332
color,conformer,raw,watch,sub-006,3,29.333333333333332
color,conformer,raw,watch,sub-007,3,30.0
color,conformer,raw,watch,sub-008,3,27.333333333333332
color,conformer,raw,watch,sub-009,3,28.666666666666668
color,conformer,raw,watch,sub-010,3,24.666666666666668
color,conformer,raw,watch,sub-011,3,28.0
color,conformer,raw,watch,sub-012,3,24.0
color,conformer,raw,watch,sub-013,3,27.333333333333332
color,conformer,raw,watch,sub-014,3,32.0
color,conformer,raw,watch,sub-015,3,25.333333333333332
color,conformer,raw,watch,sub-016,3,30.0
color,conformer,raw,watch,sub-017,3,34.666666666666664
color,conformer,raw,watch,sub-018,3,26.666666666666668
color,conformer,raw,watch,sub-019,3,32.666666666666664
color,conformer,raw,watch,sub-020,3,28.666666666666668
color,deepnet,raw,recall,sub-001,3,29.333333333333332
color,deepnet,raw,recall,sub-002,3,30.666666666666668
color,deepnet,raw,recall,sub-003,3,25.333333333333332
color,deepnet,raw,recall,sub-004,3,26.0
color,deepnet,raw,recall,sub-005,3,30.0
color,deepnet,raw,recall,sub-006,3,32.0
color,deepnet,raw,recall,sub-007,3,29.333333333333332
color,deepnet,raw,recall,sub-008,3,27.333333333333332
color,deepnet,raw,recall,sub-009,3,32.666666666666664
color,deepnet,raw,recall,sub-010,3,27.333333333333332
color,deepnet,raw,recall,sub-011,3,30.0
color,deepnet,raw,recall,sub-012,3,32.0
color,deepnet,raw,recall,sub-013,3,28.0
color,deepnet,raw,recall,sub-014,3,25.333333333333332
color,deepnet,raw,recall,sub-015,3,33.333333333333336
color,deepnet,raw,recall,sub-016,3,28.0
color,deepnet,raw,recall,sub-017,3,31.333333333333332
color,deepnet,raw,recall,sub-018,3,27.333333333333332
color,deepnet,raw,recall,sub-019,3,24.0
color,deepnet,raw,recall,sub-020,3,30.0
color,deepnet,raw,watch,sub-001,3,28.0
color,deepnet,raw,watch,sub-002,3,30.666666666666668
color,deepnet,raw,watch,sub-003,3,25.333333333333332
color,deepnet,raw,watch,sub-004,3,32.0
color,deepnet,raw,watch,sub-005,3,30.666666666666668
color,deepnet,raw,watch,sub-006,3,31.333333333333332
color,deepnet,raw,watch,sub-007,3,29.333333333333332
color,deepnet,raw,watch,sub-008,3,30.0
color,deepnet,raw,watch,sub-009,3,30.666666666666668
color,deepnet,raw,watch,sub-010,3,28.0
color,deepnet,raw,watch,sub-011,3,32.0
color,deepnet,raw,watch,sub-012,3,28.0
color,deepnet,raw,watch,sub-013,3,24.0
color,deepnet,raw,watch,sub-014,3,33.333333333333336
color,deepnet,raw,watch,sub-015,3,33.333333333333336
color,deepnet,raw,watch,sub-016,3,28.0
color,deepnet,raw,watch,sub-017,3,26.0
color,deepnet,raw,watch,sub-018,3,34.666666666666664
color,deepnet,raw,watch,sub-019,3,30.0
color,deepnet,raw,watch,sub-020,3,29.333333333333332
color,eegnet,raw,recall,sub-001,3,28.666666666666668
color,eegnet,raw,recall,sub-002,3,26.0
color,eegnet,raw,recall,sub-003,3,28.0
color,eegnet,raw,recall,sub-004,3,28.0
color,eegnet,raw,recall,sub-005,3,34.0
color,eegnet,raw,recall,sub-006,3,32.666666666666664
color,eegnet,raw,recall,sub-007,3,25.333333333333332
color,eegnet,raw,recall,sub-008,3,26.0
color,eegnet,raw,recall,sub-009,3,30.666666666666668
color,eegnet,raw,recall,sub-010,3,26.0
color,eegnet,raw,recall,sub-011,3,28.666666666666668
color,eegnet,raw,recall,sub-012,3,27.333333333333332
color,eegnet,raw,recall,sub-013,3,28.0
color,eegnet,raw,recall,sub-014,3,22.666666666666668
color,eegnet,raw,recall,sub-015,3,33.333333333333336
color,eegnet,raw,recall,sub-016,3,24.666666666666668
color,eegnet,raw,recall,sub-017,3,28.666666666666668
color,eegnet,raw,recall,sub-018,3,30.666666666666668
color,eegnet,raw,recall,sub-019,3,25.333333333333332
color,eegnet,raw,recall,sub-020,3,28.0
color,eegnet,raw,watch,sub-001,3,32.0
color,eegnet,raw,watch,sub-002,3,27.333333333333332
color,eegnet,raw,watch,sub-003,3,32.666666666666664
color,eegnet,raw,watch,sub-004,3,25.333333333333332
color,eegnet,raw,watch,sub-005,3,25.333333333333332
color,eegnet,raw,watch,sub-006,3,33.333333333333336
color,eegnet,raw,watch,sub-007,3,31.333333333333332
color,eegnet,raw,watch,sub-008,3,31.333333333333332
color,eegnet,raw,watch,sub-009,3,26.666666666666668
color,eegnet,raw,watch,sub-010,3,31.333333333333332
color,eegnet,raw,watch,sub-011,3,26.666666666666668
color,eegnet,raw,watch,sub-012,3,29.333333333333332
color,eegnet,raw,watch,sub-013,3,29.333333333333332
color,eegnet,raw,watch,sub-014,3,34.0
color,eegnet,raw,watch,sub-015,3,28.0
color,eegnet,raw,watch,sub-016,3,29.333333333333332
color,eegnet,raw,watch,sub-017,3,33.333333333333336
color,eegnet,raw,watch,sub-018,3,34.0
color,eegnet,raw,watch,sub-019,3,24.0
color,eegnet,raw,watch,sub-020,3,23.333333333333332
color,glfnet,raw,recall,sub-001,3,29.333333333333332
color,glfnet,raw,recall,sub-002,3,28.0
color,glfnet,raw,recall,sub-003,3,24.666666666666668
color,glfnet,raw,recall,sub-004,3,27.333333333333332
color,glfnet,raw,recall,sub-005,3,27.333333333333332
color,glfnet,raw,recall,sub-006,3,28.666666666666668
color,glfnet,raw,recall,sub-007,3,28.0
color,glfnet,raw,recall,sub-008,3,26.666666666666668
color,glfnet,raw,recall,sub-009,3,32.666666666666664
color,glfnet,raw,recall,sub-010,3,24.0
color,glfnet,raw,recall,sub-011,3,32.666666666666664
color,glfnet,raw,recall,sub-012,3,32.666666666666664
color,glfnet,raw,recall,sub-013,3,27.333333333333332
color,glfnet,raw,recall,sub-014,3,24.0
color,glfnet,raw,recall,sub-015,3,35.333333333333336
color,glfnet,raw,recall,sub-016,3,25.333333333333332
color,glfnet,raw,recall,sub-017,3,26.666666666666668
color,glfnet,raw,recall,sub-018,3,28.666666666666668
color,glfnet,raw,recall,sub-019,3,24.666666666666668
color,glfnet,raw,recall,sub-020,3,25.333333333333332
color,glfnet,raw,watch,sub-001,3,28.666666666666668
color,glfnet,raw,watch,sub-002,3,28.666666666666668
color,glfnet,raw,watch,sub-003,3,26.0
color,glfnet,raw,watch,sub-004,3,27.333333333333332
color,glfnet,raw,watch,sub-005,3,30.666666666666668
color,glfnet,raw,watch,sub-006,3,32.666666666666664
color,glfnet,raw,watch,sub-007,3,29.333333333333332
color,glfnet,raw,watch,sub-008,3,30.666666666666668
color,glfnet,raw,watch,sub-009,3,23.333333333333332
color,glfnet,raw,watch,sub-010,3,34.0
color,glfnet,raw,watch,sub-011,3,30.0
color,glfnet,raw,watch,sub-012,3,25.333333333333332
color,glfnet,raw,watch,sub-013,3,27.333333333333332
color,glfnet,raw,watch,sub-014,3,30.0
color,glfnet,raw,watch,sub-015,3,30.0
color,glfnet,raw,watch,sub-016,3,28.666666666666668
color,glfnet,raw,watch,sub-017,3,27.333333333333332
color,glfnet,raw,watch,sub-018,3,26.666666666666668
color,glfnet,raw,watch,sub-019,3,33.333333333333336
color,glfnet,raw,watch,sub-020,3,27.333333333333332
color,glfnet_mlp,de,recall,sub-001,3,28.0
color,glfnet_mlp,de,recall,sub-002,3,32.0
color,glfnet_mlp,de,recall,sub-003,3,30.0
color,glfnet_mlp,de,recall,sub-004,3,24.666666666666668
color,glfnet_mlp,de,recall,sub-005,3,27.333333333333332
color,glfnet_mlp,de,recall,sub-006,3,26.666666666666668
color,glfnet_mlp,de,recall,sub-007,3,30.666666666666668
color,glfnet_mlp,de,recall,sub-008,3,24.666666666666668
color,glfnet_mlp,de,recall,sub-009,3,28.0
color,glfnet_mlp,de,recall,sub-010,3,28.666666666666668
color,glfnet_mlp,de,recall,sub-011,3,30.666666666666668
color,glfnet_mlp,de,recall,sub-012,3,28.666666666666668
color,glfnet_mlp,de,recall,sub-013,3,31.333333333333332
color,glfnet_mlp,de,recall,sub-014,3,33.333333333333336
color,glfnet_mlp,de,recall,sub-015,3,29.333333333333332
color,glfnet_mlp,de,recall,sub-016,3,32.666666666666664
color,glfnet_mlp,de,recall,sub-017,3,33.333333333333336
color,glfnet_mlp,de,recall,sub-018,3,27.333333333333332
color,glfnet_mlp,de,recall,sub-019,3,28.0
color,glfnet_mlp,de,recall,sub-020,3,30.0
color,glfnet_mlp,de,watch,sub-001,3,30.666666666666668
color,glfnet_mlp,de,watch,sub-002,3,26.0
color,glfnet_mlp,de,watch,sub-003,3,29.333333333333332
color,glfnet_mlp,de,watch,sub-004,3,32.0
color,glfnet_mlp,de,watch,sub-005,3,29.333333333333332
color,glfnet_mlp,de,watch,sub-006,3,30.666666666666668
color,glfnet_mlp,de,watch,sub-007,3,26.666666666666668
color,glfnet_mlp,de,watch,sub-008,3,29.333333333333332
color,glfnet_mlp,de,watch,sub-009,3,30.666666666666668
color,glfnet_mlp,de,watch,sub-010,3,27.333333333333332
color,glfnet_mlp,de,watch,sub-011,3,32.0
color,glfnet_mlp,de,watch,sub-012,3,28.666666666666668
color,glfnet_mlp,de,watch,sub-013,3,34.0
color,glfnet_mlp,de,watch,sub-014,3,30.0
color,glfnet_mlp,de,watch,sub-015,3,30.0
color,glfnet_mlp,de,watch,sub-016,3,28.666666666666668
color,glfnet_mlp,de,watch,sub-017,3,31.333333333333332
color,glfnet_mlp,de,watch,sub-018,3,28.666666666666668
color,glfnet_mlp,de,watch,sub-019,3,26.666666666666668
color,glfnet_mlp,de,watch,sub-020,3,34.666666666666664
color,glfnet_mlp,psd,recall,sub-001,3,28.666666666666668
color,glfnet_mlp,psd,recall,sub-002,3,24.666666666666668
color,glfnet_mlp,psd,recall,sub-003,3,27.333333333333332
color,glfnet_mlp,psd,recall,sub-004,3,26.0
color,glfnet_mlp,psd,recall,sub-005,3,30.0
color,glfnet_mlp,psd,recall,sub-006,3,30.666666666666668
color,glfnet_mlp,psd,recall,sub-007,3,28.0
color,glfnet_mlp,psd,recall,sub-008,3,28.0
color,glfnet_mlp,psd,recall,sub-009,3,29.333333333333332
color,glfnet_mlp,psd,recall,sub-010,3,32.0
color,glfnet_mlp,psd,recall,sub-011,3,21.333333333333332
color,glfnet_mlp,psd,recall,sub-012,3,30.0
color,glfnet_mlp,psd,recall,sub-013,3,27.333333333333332
color,glfnet_mlp,psd,recall,sub-014,3,32.0
color,glfnet_mlp,psd,recall,sub-015,3,28.666666666666668
color,glfnet_mlp,psd,recall,sub-016,3,30.666666666666668
color,glfnet_mlp,psd,recall,sub-017,3,26.666666666666668
color,glfnet_mlp,psd,recall,sub-018,3,30.0
color,glfnet_mlp,psd,recall,sub-019,3,25.333333333333332
color,glfnet_mlp,psd,recall,sub-020,3,26.666666666666668
color,glfnet_mlp,psd,watch,sub-001,3,24.666666666666668
color,glfnet_mlp,psd,watch,sub-002,3,29.333333333333332
color,glfnet_mlp,psd,watch,sub-003,3,28.666666666666668
color,glfnet_mlp,psd,watch,sub-004,3,28.666666666666668
color,glfnet_mlp,psd,watch,sub-005,3,30.666666666666668
color,glfnet_mlp,psd,watch,sub-006,3,30.666666666666668
color,glfnet_mlp,psd,watch,sub-007,3,27.333333333333332
color,glfnet_mlp,psd,watch,sub-008,3,28.0
color,glfnet_mlp,psd,watch,sub-009,3,30.666666666666668
color,glfnet_mlp,psd,watch,sub-010,3,30.666666666666668
color,glfnet_mlp,psd,watch,sub-011,3,23.333333333333332
color,glfnet_mlp,psd,watch,sub-012,3,32.0
color,glfnet_mlp,psd,watch,sub-013,3,27.333333333333332
color,glfnet_mlp,psd,watch,sub-014,3,34.0
color,glfnet_mlp,psd,watch,sub-015,3,30.0
color,glfnet_mlp,psd,watch,sub-016,3,29.333333333333332
color,glfnet_mlp,psd,watch,sub-017,3,30.666666666666668
color,glfnet_mlp,psd,watch,sub-018,3,26.666666666666668
color,glfnet_mlp,psd,watch,sub-019,3,28.0
color,glfnet_mlp,psd,watch,sub-020,3,32.0
color,mlpnet,de,recall,sub-001,3,29.333333333333332
color,mlpnet,de,recall,sub-002,3,29.333333333333332
color,mlpnet,de,recall,sub-003,3,26.666666666666668
color,mlpnet,de,recall,sub-004,3,26.666666666666668
color,mlpnet,de,recall,sub-005,3,28.666666666666668
color,mlpnet,de,recall,sub-006,3,27.333333333333332
color,mlpnet,de,recall,sub-007,3,26.0
color,mlpnet,de,recall,sub-008,3,28.0
color,mlpnet,de,recall,sub-009,3,29.333333333333332
color,mlpnet,de,recall,sub-010,3,28.666666666666668
color,mlpnet,de,recall,sub-011,3,30.666666666666668
color,mlpnet,de,recall,sub-012,3,27.333333333333332
color,mlpnet,de,recall,sub-013,3,26.666666666666668
color,mlpnet,de,recall,sub-014,3,34.666666666666664
color,mlpnet,de,recall,sub-015,3,34.666666666666664
color,mlpnet,de,recall,sub-016,3,30.0
color,mlpnet,de,recall,sub-017,3,30.666666666666668
color,mlpnet,de,recall,sub-018,3,32.666666666666664
color,mlpnet,de,recall,sub-019,3,29.333333333333332
color,mlpnet,de,recall,sub-020,3,27.333333333333332
color,mlpnet,de,watch,sub-001,3,31.333333333333332
color,mlpnet,de,watch,sub-002,3,28.666666666666668
color,mlpnet,de,watch,sub-003,3,31.333333333333332
color,mlpnet,de,watch,sub-004,3,31.333333333333332
color,mlpnet,de,watch,sub-005,3,25.333333333333332
color,mlpnet,de,watch,sub-006,3,36.0
color,mlpnet,de,watch,sub-007,3,32.0
color,mlpnet,de,watch,sub-008,3,27.333333333333332
color,mlpnet,de,watch,sub-009,3,33.333333333333336
color,mlpnet,de,watch,sub-010,3,29.333333333333332
color,mlpnet,de,watch,sub-011,3,28.0
color,mlpnet,de,watch,sub-012,3,31.333333333333332
color,mlpnet,de,watch,sub-013,3,26.666666666666668
color,mlpnet,de,watch,sub-014,3,29.333333333333332
color,mlpnet,de,watch,sub-015,3,23.333333333333332
color,mlpnet,de,watch,sub-016,3,29.333333333333332
color,mlpnet,de,watch,sub-017,3,28.666666666666668
color,mlpnet,de,watch,sub-018,3,28.666666666666668
color,mlpnet,de,watch,sub-019,3,29.333333333333332
color,mlpnet,de,watch,sub-020,3,28.0
color,mlpnet,psd,recall,sub-001,3,25.333333333333332
color,mlpnet,psd,recall,sub-002,3,24.0
color,mlpnet,psd,recall,sub-003,3,23.333333333333332
color,mlpnet,psd,recall,sub-004,3,22.0
color,mlpnet,psd,recall,sub-005,3,28.666666666666668
color,mlpnet,psd,recall,sub-006,3,28.0
color,mlpnet,psd,recall,sub-007,3,26.666666666666668
color,mlpnet,psd,recall,sub-008,3,28.0
color,mlpnet,psd,recall,sub-009,3,29.333333333333332
color,mlpnet,psd,recall,sub-010,3,25.333333333333332
color,mlpnet,psd,recall,sub-011,3,27.333333333333332
color,mlpnet,psd,recall,sub-012,3,27.333333333333332
color,mlpnet,psd,recall,sub-013,3,26.666666666666668
color,mlpnet,psd,recall,sub-014,3,32.666666666666664
color,mlpnet,psd,recall,sub-015,3,24.666666666666668
color,mlpnet,psd,recall,sub-016,3,25.333333333333332
color,mlpnet,psd,recall,sub-017,3,25.333333333333332
color,mlpnet,psd,recall,sub-018,3,28.0
color,mlpnet,psd,recall,sub-019,3,26.0
color,mlpnet,psd,recall,sub-020,3,22.666666666666668
color,mlpnet,psd,watch,sub-001,3,22.666666666666668
color,mlpnet,psd,watch,sub-002,3,26.666666666666668
color,mlpnet,psd,watch,sub-003,3,21.333333333333332
color,mlpnet,psd,watch,sub-004,3,28.0
color,mlpnet,psd,watch,sub-005,3,29.333333333333332
color,mlpnet,psd,watch,sub-006,3,31.333333333333332
color,mlpnet,psd,watch,sub-007,3,32.0
color,mlpnet,psd,watch,sub-008,3,25.333333333333332
color,mlpnet,psd,watch,sub-009,3,24.666666666666668
color,mlpnet,psd,watch,sub-010,3,30.0
color,mlpnet,psd,watch,sub-011,3,31.333333333333332
color,mlpnet,psd,watch,sub-012,3,32.666666666666664
color,mlpnet,psd,watch,sub-013,3,26.0
color,mlpnet,psd,watch,sub-014,3,32.666666666666664
color,mlpnet,psd,watch,sub-015,3,26.0
color,mlpnet,psd,watch,sub-016,3,26.0
color,mlpnet,psd,watch,sub-017,3,27.333333333333332
color,mlpnet,psd,watch,sub-018,3,30.0
color,mlpnet,psd,watch,sub-019,3,30.0
color,mlpnet,psd,watch,sub-020,3,31.333333333333332
color,shallownet,raw,recall,sub-001,3,28.666666666666668
color,shallownet,raw,recall,sub-002,3,28.0
color,shallownet,raw,recall,sub-003,3,29.333333333333332
color,shallownet,raw,recall,sub-004,3,24.666666666666668
color,shallownet,raw,recall,sub-005,3,26.666666666666668
color,shallownet,raw,recall,sub-006,3,29.333333333333332
color,shallownet,raw,recall,sub-007,3,30.666666666666668
color,shallownet,raw,recall,sub-008,3,26.666666666666668
color,shallownet,raw,recall,sub-009,3,32.666666666666664
color,shallownet,raw,recall,sub-010,3,27.333333333333332
color,shallownet,raw,recall,sub-011,3,30.0
color,shallownet,raw,recall,sub-012,3,30.666666666666668
color,shallownet,raw,recall,sub-013,3,23.333333333333332
color,shallownet,raw,recall,sub-014,3,24.666666666666668
color,shallownet,raw,recall,sub-015,3,31.333333333333332
color,shallownet,raw,recall,sub-016,3,26.0
color,shallownet,raw,recall,sub-017,3,26.666666666666668
color,shallownet,raw,recall,sub-018,3,25.333333333333332
color,shallownet,raw,recall,sub-019,3,27.333333333333332
color,shallownet,raw,recall,sub-020,3,24.666666666666668
color,shallownet,raw,watch,sub-001,3,25.333333333333332
color,shallownet,raw,watch,sub-002,3,29.333333333333332
color,shallownet,raw,watch,sub-003,3,28.666666666666668
color,shallownet,raw,watch,sub-004,3,22.666666666666668
color,shallownet,raw,watch,sub-005,3,27.333333333333332
color,shallownet,raw,watch,sub-006,3,30.0
color,shallownet,raw,watch,sub-007,3,24.666666666666668
color,shallownet,raw,watch,sub-008,3,30.0
color,shallownet,raw,watch,sub-009,3,24.666666666666668
color,shallownet,raw,watch,sub-010,3,30.666666666666668
color,shallownet,raw,watch,sub-011,3,28.666666666666668
color,shallownet,raw,watch,sub-012,3,24.0
color,shallownet,raw,watch,sub-013,3,26.0
color,shallownet,raw,watch,sub-014,3,26.0
color,shallownet,raw,watch,sub-015,3,32.666666666666664
color,shallownet,raw,watch,sub-016,3,31.333333333333332
color,shallownet,raw,watch,sub-017,3,27.333333333333332
color,shallownet,raw,watch,sub-018,3,26.0
color,shallownet,raw,watch,sub-019,3,28.0
color,shallownet,raw,watch,sub-020,3,28.666666666666668
color,svm,raw,recall,sub-001,3,16.0
color,svm,raw,recall,sub-002,3,18.0
color,svm,raw,recall,sub-003,3,16.666666666666668
color,svm,raw,recall,sub-004,3,17.333333333333332
color,svm,raw,recall,sub-005,3,16.0
color,svm,raw,recall,sub-006,3,24.0
color,svm,raw,recall,sub-007,3,15.333333333333334
color,svm,raw,recall,sub-008,3,17.333333333333332
color,svm,raw,recall,sub-009,3,15.333333333333334
color,svm,raw,recall,sub-010,3,20.666666666666668
color,svm,raw,recall,sub-011,3,21.333333333333332
color,svm,raw,recall,sub-012,3,16.0
color,svm,raw,recall,sub-013,3,21.333333333333332
color,svm,raw,recall,sub-014,3,20.0
color,svm,raw,recall,sub-015,3,20.666666666666668
color,svm,raw,recall,sub-016,3,18.666666666666668
color,svm,raw,recall,sub-017,3,20.666666666666668
color,svm,raw,recall,sub-018,3,18.0
color,svm,raw,recall,sub-019,3,21.333333333333332
color,svm,raw,recall,sub-020,3,24.666666666666668
color,svm,raw,watch,sub-001,3,20.0
color,svm,raw,watch,sub-002,3,24.0
color,svm,raw,watch,sub-003,3,22.666666666666668
color,svm,raw,watch,sub-004,3,16.666666666666668
color,svm,raw,watch,sub-005,3,22.666666666666668
color,svm,raw,watch,sub-006,3,22.666666666666668
color,svm,raw,watch,sub-007,3,20.666666666666668
color,svm,raw,watch,sub-008,3,20.0
color,svm,raw,watch,sub-009,3,23.333333333333332
color,svm,raw,watch,sub-010,3,23.333333333333332
color,svm,raw,watch,sub-011,3,18.0
color,svm,raw,watch,sub-012,3,19.333333333333332
color,svm,raw,watch,sub-013,3,15.333333333333334
color,svm,raw,watch,sub-014,3,16.666666666666668
color,svm,raw,watch,sub-015,3,20.666666666666668
color,svm,raw,watch,sub-016,3,18.666666666666668
color,svm,raw,watch,sub-017,3,16.666666666666668
color,svm,raw,watch,sub-018,3,25.333333333333332
color,svm,raw,watch,sub-019,3,17.333333333333332
color,svm,raw,watch,sub-020,3,25.333333333333332
color,tsconv,raw,recall,sub-001,3,25.333333333333332
color,tsconv,raw,recall,sub-002,3,26.666666666666668
color,tsconv,raw,recall,sub-003,3,28.0
color,tsconv,raw,recall,sub-004,3,27.333333333333332
color,tsconv,raw,recall,sub-005,3,32.0
color,tsconv,raw,recall,sub-006,3,32.666666666666664
color,tsconv,raw,recall,sub-007,3,29.333333333333332
color,tsconv,raw,recall,sub-008,3,26.0
color,tsconv,raw,recall,sub-009,3,28.0
color,tsconv,raw,recall,sub-010,3,28.666666666666668
color,tsconv,raw,recall,sub-011,3,30.666666666666668
color,tsconv,raw,recall,sub-012,3,28.0
color,tsconv,raw,recall,sub-013,3,23.333333333333332
color,tsconv,raw,recall,sub-014,3,25.333333333333332
color,tsconv,raw,recall,sub-015,3,34.666666666666664
color,tsconv,raw,recall,sub-016,3,26.0
color,tsconv,raw,recall,sub-017,3,28.666666666666668
color,tsconv,raw,recall,sub-018,3,28.0
color,tsconv,raw,recall,sub-019,3,26.0
color,tsconv,raw,recall,sub-020,3,27.333333333333332
color,tsconv,raw,watch,sub-001,3,26.0
color,tsconv,raw,watch,sub-002,3,26.666666666666668
color,tsconv,raw,watch,sub-003,3,26.666666666666668
color,tsconv,raw,watch,sub-004,3,26.0
color,tsconv,raw,watch,sub-005,3,22.0
color,tsconv,raw,watch,sub-006,3,28.666666666666668
color,tsconv,raw,watch,sub-007,3,28.0
color,tsconv,raw,watch,sub-008,3,31.333333333333332
color,tsconv,raw,watch,sub-009,3,34.0
color,tsconv,raw,watch,sub-010,3,33.333333333333336
color,tsconv,raw,watch,sub-011,3,32.0
color,tsconv,raw,watch,sub-012,3,24.666666666666668
color,tsconv,raw,watch,sub-013,3,31.333333333333332
color,tsconv,raw,watch,sub-014,3,29.333333333333332
color,tsconv,raw,watch,sub-015,3,27.333333333333332
color,tsconv,raw,watch,sub-016,3,34.0
color,tsconv,raw,watch,sub-017,3,30.666666666666668
color,tsconv,raw,watch,sub-018,3,30.666666666666668
color,tsconv,raw,watch,sub-019,3,31.333333333333332
color,tsconv,raw,watch,sub-020,3,28.0
face,GCN_LSTM,raw,recall,sub-001,3,63.333333333333336
face,GCN_LSTM,raw,recall,sub-002,3,65.33333333333333
face,GCN_LSTM,raw,recall,sub-003,3,60.666666666666664
face,GCN_LSTM,raw,recall,sub-004,3,64.66666666666667
face,GCN_LSTM,raw,recall,sub-005,3,64.66666666666667
face,GCN_LSTM,raw,recall,sub-006,3,66.66666666666667
face,GCN_LSTM,raw,recall,sub-007,3,64.0
face,GCN_LSTM,raw,recall,sub-008,3,67.33333333333333
face,GCN_LSTM,raw,recall,sub-009,3,60.0
face,GCN_LSTM,raw,recall,sub-010,3,66.0
face,GCN_LSTM,raw,recall,sub-011,3,66.66666666666667
face,GCN_LSTM,raw,recall,sub-012,3,69.33333333333333
face,GCN_LSTM,raw,recall,sub-013,3,69.33333333333333
face,GCN_LSTM,raw,recall,sub-014,3,67.33333333333333
face,GCN_LSTM,raw,recall,sub-015,3,62.0
face,GCN_LSTM,raw,recall,sub-016,3,64.66666666666667
face,GCN_LSTM,raw,recall,sub-017,3,66.0
face,GCN_LSTM,raw,recall,sub-018,3,64.66666666666667
face,GCN_LSTM,raw,recall,sub-019,3,67.33333333333333
face,GCN_LSTM,raw,recall,sub-020,3,58.666666666666664
face,GCN_LSTM,raw,watch,sub-001,3,64.66666666666667
face,GCN_LSTM,raw,watch,sub-002,3,64.0
face,GCN_LSTM,raw,watch,sub-003,3,64.0
face,GCN_LSTM,raw,watch,sub-004,3,64.66666666666667
face,GCN_LSTM,raw,watch,sub-005,3,66.66666666666667
face,GCN_LSTM,raw,watch,sub-006,3,68.66666666666667
face,GCN_LSTM,raw,watch,sub-007,3,62.666666666666664
face,GCN_LSTM,raw,watch,sub-008,3,64.0
face,GCN_LSTM,raw,watch,sub-009,3,64.66666666666667
face,GCN_LSTM,raw,watch,sub-010,3,64.0
face,GCN_LSTM,raw,watch,sub-011,3,66.66666666666667
face,GCN_LSTM,raw,watch,sub-012,3,69.33333333333333
face,GCN_LSTM,raw,watch,sub-013,3,64.0
face,GCN_LSTM,raw,watch,sub-014,3,68.0
face,GCN_LSTM,raw,watch,sub-015,3,61.333333333333336
face,GCN_LSTM,raw,watch,sub-016,3,63.333333333333336
face,GCN_LSTM,raw,watch,sub-017,3,66.0
face,GCN_LSTM,raw,watch,sub-018,3,68.0
face,GCN_LSTM,raw,watch,sub-019,3,65.33333333333333
face,GCN_LSTM,raw,watch,sub-020,3,59.333333333333336
face,conformer,raw,recall,sub-001,3,60.666666666666664
face,conformer,raw,recall,sub-002,3,62.0
face,conformer,raw,recall,sub-003,3,62.666666666666664
face,conformer,raw,recall,sub-004,3,62.0
face,conformer,raw,recall,sub-005,3,67.33333333333333
face,conformer,raw,recall,sub-006,3,70.0
face,conformer,raw,recall,sub-007,3,60.0
face,conformer,raw,recall,sub-008,3,68.66666666666667
face,conformer,raw,recall,sub-009,3,62.0
face,conformer,raw,recall,sub-010,3,65.33333333333333
face,conformer,raw,recall,sub-011,3,62.0
face,conformer,raw,recall,sub-012,3,62.0
face,conformer,raw,recall,sub-013,3,63.333333333333336
face,conformer,raw,recall,sub-014,3,68.0
face,conformer,raw,recall,sub-015,3,67.33333333333333
face,conformer,raw,recall,sub-016,3,65.33333333333333
face,conformer,raw,recall,sub-017,3,63.333333333333336
face,conformer,raw,recall,sub-018,3,70.0
face,conformer,raw,recall,sub-019,3,64.66666666666667
face,conformer,raw,recall,sub-020,3,66.0
face,conformer,raw,watch,sub-001,3,63.333333333333336
face,conformer,raw,watch,sub-002,3,67.33333333333333
face,conformer,raw,watch,sub-003,3,65.33333333333333
face,conformer,raw,watch,sub-004,3,69.33333333333333
face,conformer,raw,watch,sub-005,3,60.0
face,conformer,raw,watch,sub-006,3,68.66666666666667
face,conformer,raw,watch,sub-007,3,62.0
face,conformer,raw,watch,sub-008,3,70.0
face,conformer,raw,watch,sub-009,3,60.0
face,conformer,raw,watch,sub-010,3,65.33333333333333
face,conformer,raw,watch,sub-011,3,64.0
face,conformer,raw,watch,sub-012,3,65.33333333333333
face,conformer,raw,watch,sub-013,3,64.66666666666667
face,conformer,raw,watch,sub-014,3,64.0
face,conformer,raw,watch,sub-015,3,70.66666666666667
face,conformer,raw,watch,sub-016,3,58.666666666666664
face,conformer,raw,watch,sub-017,3,66.66666666666667
face,conformer,raw,watch,sub-018,3,72.0
face,conformer,raw,watch,sub-019,3,65.33333333333333
face,conformer,raw,watch,sub-020,3,61.333333333333336
face,deepnet,raw,recall,sub-001,3,62.666666666666664
face,deepnet,raw,recall,sub-002,3,60.666666666666664
face,deepnet,raw,recall,sub-003,3,60.0
face,deepnet,raw,recall,sub-004,3,68.0
face,deepnet,raw,recall,sub-005,3,62.0
face,deepnet,raw,recall,sub-006,3,64.66666666666667
face,deepnet,raw,recall,sub-007,3,66.66666666666667
face,deepnet,raw,recall,sub-008,3,62.666666666666664
face,deepnet,raw,recall,sub-009,3,63.333333333333336
face,deepnet,raw,recall,sub-010,3,68.66666666666667
face,deepnet,raw,recall,sub-011,3,67.33333333333333
face,deepnet,raw,recall,sub-012,3,58.666666666666664
face,deepnet,raw,recall,sub-013,3,58.0
face,deepnet,raw,recall,sub-014,3,60.666666666666664
face,deepnet,raw,recall,sub-015,3,62.0
face,deepnet,raw,recall,sub-016,3,63.333333333333336
face,deepnet,raw,recall,sub-017,3,70.0
face,deepnet,raw,recall,sub-018,3,62.0
face,deepnet,raw,recall,sub-019,3,62.0
face,deepnet,raw,recall,sub-020,3,64.66666666666667
face,deepnet,raw,watch,sub-001,3,64.66666666666667
face,deepnet,raw,watch,sub-002,3,62.666666666666664
face,deepnet,raw,watch,sub-003,3,62.666666666666664
face,deepnet,raw,watch,sub-004,3,64.66666666666667
face,deepnet,raw,watch,sub-005,3,62.666666666666664
face,deepnet,raw,watch,sub-006,3,67.33333333333333
face,deepnet,raw,watch,sub-007,3,65.33333333333333
face,deepnet,raw,watch,sub-008,3,58.666666666666664
face,deepnet,raw,watch,sub-009,3,64.66666666666667
face,deepnet,raw,watch,sub-010,3,69.33333333333333
face,deepnet,raw,watch,sub-011,3,64.66666666666667
face,deepnet,raw,watch,sub-012,3,60.0
face,deepnet,raw,watch,sub-013,3,66.0
face,deepnet,raw,watch,sub-014,3,61.333333333333336
face,deepnet,raw,watch,sub-015,3,60.666666666666664
face,deepnet,raw,watch,sub-016,3,60.0
face,deepnet,raw,watch,sub-017,3,64.0
face,deepnet,raw,watch,sub-018,3,59.333333333333336
face,deepnet,raw,watch,sub-019,3,60.0
face,deepnet,raw,watch,sub-020,3,60.0
face,eegnet,raw,recall,sub-001,3,67.33333333333333
face,eegnet,raw,recall,sub-002,3,65.33333333333333
face,eegnet,raw,recall,sub-003,3,61.333333333333336
face,eegnet,raw,recall,sub-004,3,66.0
face,eegnet,raw,recall,sub-005,3,66.0
face,eegnet,raw,recall,sub-006,3,61.333333333333336
face,eegnet,raw,recall,sub-007,3,58.0
face,eegnet,raw,recall,sub-008,3,67.33333333333333
face,eegnet,raw,recall,sub-009,3,63.333333333333336
face,eegnet,raw,recall,sub-010,3,60.666666666666664
face,eegnet,raw,recall,sub-011,3,58.0
face,eegnet,raw,recall,sub-012,3,56.666666666666664
face,eegnet,raw,recall,sub-013,3,63.333333333333336
face,eegnet,raw,recall,sub-014,3,55.333333333333336
face,eegnet,raw,recall,sub-015,3,59.333333333333336
face,eegnet,raw,recall,sub-016,3,70.0
face,eegnet,raw,recall,sub-017,3,59.333333333333336
face,eegnet,raw,recall,sub-018,3,64.66666666666667
face,eegnet,raw,recall,sub-019,3,58.666666666666664
face,eegnet,raw,recall,sub-020,3,60.0
face,eegnet,raw,watch,sub-001,3,65.33333333333333
face,eegnet,raw,watch,sub-002,3,67.33333333333333
face,eegnet,raw,watch,sub-003,3,66.66666666666667
face,eegnet,raw,watch,sub-004,3,64.66666666666667
face,eegnet,raw,watch,sub-005,3,62.666666666666664
face,eegnet,raw,watch,sub-006,3,60.0
face,eegnet,raw,watch,sub-007,3,67.33333333333333
face,eegnet,raw,watch,sub-008,3,66.0
face,eegnet,raw,watch,sub-009,3,64.0
face,eegnet,raw,watch,sub-010,3,58.0
face,eegnet,raw,watch,sub-011,3,62.0
face,eegnet,raw,watch,sub-012,3,58.0
face,eegnet,raw,watch,sub-013,3,64.66666666666667
face,eegnet,raw,watch,sub-014,3,60.666666666666664
face,eegnet,raw,watch,sub-015,3,61.333333333333336
face,eegnet,raw,watch,sub-016,3,63.333333333333336
face,eegnet,raw,watch,sub-017,3,62.0
face,eegnet,raw,watch,sub-018,3,58.0
face,eegnet,raw,watch,sub-019,3,65.33333333333333
face,eegnet,raw,watch,sub-020,3,62.666666666666664
face,glfnet,raw,recall,sub-001,3,61.333333333333336
face,glfnet,raw,recall,sub-002,3,60.666666666666664
face,glfnet,raw,recall,sub-003,3,65.33333333333333
face,glfnet,raw,recall,sub-004,3,65.33333333333333
face,glfnet,raw,recall,sub-005,3,64.0
face,glfnet,raw,recall,sub-006,3,57.333333333333336
face,glfnet,raw,recall,sub-007,3,66.66666666666667
face,glfnet,raw,recall,sub-008,3,64.0
face,glfnet,raw,recall,sub-009,3,59.333333333333336
face,glfnet,raw,recall,sub-010,3,64.0
face,glfnet,raw,recall,sub-011,3,60.666666666666664
face,glfnet,raw,recall,sub-012,3,62.0
face,glfnet,raw,recall,sub-013,3,67.33333333333333
face,glfnet,raw,recall,sub-014,3,64.66666666666667
face,glfnet,raw,recall,sub-015,3,60.0
face,glfnet,raw,recall,sub-016,3,61.333333333333336
face,glfnet,raw,recall,sub-017,3,72.0
face,glfnet,raw,recall,sub-018,3,68.0
face,glfnet,raw,recall,sub-019,3,62.666666666666664
face,glfnet,raw,recall,sub-020,3,62.0
face,glfnet,raw,watch,sub-001,3,61.333333333333336
face,glfnet,raw,watch,sub-002,3,64.66666666666667
face,glfnet,raw,watch,sub-003,3,61.333333333333336
face,glfnet,raw,watch,sub-004,3,62.0
face,glfnet,raw,watch,sub-005,3,59.333333333333336
face,glfnet,raw,watch,sub-006,3,64.0
face,glfnet,raw,watch,sub-007,3,65.33333333333333
face,glfnet,raw,watch,sub-008,3,62.666666666666664
face,glfnet,raw,watch,sub-009,3,60.0
face,glfnet,raw,watch,sub-010,3,66.0
face,glfnet,raw,watch,sub-011,3,62.0
face,glfnet,raw,watch,sub-012,3,58.0
face,glfnet,raw,watch,sub-013,3,68.0
face,glfnet,raw,watch,sub-014,3,63.333333333333336
face,glfnet,raw,watch,sub-015,3,64.66666666666667
face,glfnet,raw,watch,sub-016,3,58.0
face,glfnet,raw,watch,sub-017,3,61.333333333333336
face,glfnet,raw,watch,sub-018,3,61.333333333333336
face,glfnet,raw,watch,sub-019,3,61.333333333333336
face,glfnet,raw,watch,sub-020,3,64.66666666666667
face,glfnet_mlp,de,recall,sub-001,3,64.66666666666667
face,glfnet_mlp,de,recall,sub-002,3,65.33333333333333
face,glfnet_mlp,de,recall,sub-003,3,63.333333333333336
face,glfnet_mlp,de,recall,sub-004,3,63.333333333333336
face,glfnet_mlp,de,recall,sub-005,3,67.33333333333333
face,glfnet_mlp,de,recall,sub-006,3,64.66666666666667
face,glfnet_mlp,de,recall,sub-007,3,62.0
face,glfnet_mlp,de,recall,sub-008,3,61.333333333333336
face,glfnet_mlp,de,recall,sub-009,3,62.666666666666664
face,glfnet_mlp,de,recall,sub-010,3,67.33333333333333
face,glfnet_mlp,de,recall,sub-011,3,66.0
face,glfnet_mlp,de,recall,sub-012,3,64.66666666666667
face,glfnet_mlp,de,recall,sub-013,3,64.66666666666667
face,glfnet_mlp,de,recall,sub-014,3,65.33333333333333
face,glfnet_mlp,de,recall,sub-015,3,64.66666666666667
face,glfnet_mlp,de,recall,sub-016,3,63.333333333333336
face,glfnet_mlp,de,recall,sub-017,3,63.333333333333336
face,glfnet_mlp,de,recall,sub-018,3,65.33333333333333
face,glfnet_mlp,de,recall,sub-019,3,65.33333333333333
face,glfnet_mlp,de,recall,sub-020,3,66.0
face,glfnet_mlp,de,watch,sub-001,3,62.0
face,glfnet_mlp,de,watch,sub-002,3,64.0
face,glfnet_mlp,de,watch,sub-003,3,62.0
face,glfnet_mlp,de,watch,sub-004,3,64.66666666666667
face,glfnet_mlp,de,watch,sub-005,3,66.66666666666667
face,glfnet_mlp,de,watch,sub-006,3,66.0
face,glfnet_mlp,de,watch,sub-007,3,62.666666666666664
face,glfnet_mlp,de,watch,sub-008,3,66.66666666666667
face,glfnet_mlp,de,watch,sub-009,3,62.0
face,glfnet_mlp,de,watch,sub-010,3,64.0
face,glfnet_mlp,de,watch,sub-011,3,70.66666666666667
face,glfnet_mlp,de,watch,sub-012,3,69.33333333333333
face,glfnet_mlp,de,watch,sub-013,3,64.66666666666667
face,glfnet_mlp,de,watch,sub-014,3,66.66666666666667
face,glfnet_mlp,de,watch,sub-015,3,65.33333333333333
face,glfnet_mlp,de,watch,sub-016,3,66.66666666666667
face,glfnet_mlp,de,watch,sub-017,3,66.66666666666667
face,glfnet_mlp,de,watch,sub-018,3,66.0
face,glfnet_mlp,de,watch,sub-019,3,67.33333333333333
face,glfnet_mlp,de,watch,sub-020,3,60.0
face,glfnet_mlp,psd,recall,sub-001,3,60.666666666666664
face,glfnet_mlp,psd,recall,sub-002,3,68.0
face,glfnet_mlp,psd,recall,sub-003,3,59.333333333333336
face,glfnet_mlp,psd,recall,sub-004,3,59.333333333333336
face,glfnet_mlp,psd,recall,sub-005,3,66.66666666666667
face,glfnet_mlp,psd,recall,sub-006,3,63.333333333333336
face,glfnet_mlp,psd,recall,sub-007,3,59.333333333333336
face,glfnet_mlp,psd,recall,sub-008,3,62.666666666666664
face,glfnet_mlp,psd,recall,sub-009,3,59.333333333333336
face,glfnet_mlp,psd,recall,sub-010,3,61.333333333333336
face,glfnet_mlp,psd,recall,sub-011,3,65.33333333333333
face,glfnet_mlp,psd,recall,sub-012,3,65.33333333333333
face,glfnet_mlp,psd,recall,sub-013,3,62.666666666666664
face,glfnet_mlp,psd,recall,sub-014,3,66.0
face,glfnet_mlp,psd,recall,sub-015,3,60.666666666666664
face,glfnet_mlp,psd,recall,sub-016,3,63.333333333333336
face,glfnet_mlp,psd,recall,sub-017,3,62.0
face,glfnet_mlp,psd,recall,sub-018,3,64.0
face,glfnet_mlp,psd,recall,sub-019,3,65.33333333333333
face,glfnet_mlp,psd,recall,sub-020,3,61.333333333333336
face,glfnet_mlp,psd,watch,sub-001,3,64.0
face,glfnet_mlp,psd,watch,sub-002,3,64.66666666666667
face,glfnet_mlp,psd,watch,sub-003,3,62.666666666666664
face,glfnet_mlp,psd,watch,sub-004,3,61.333333333333336
face,glfnet_mlp,psd,watch,sub-005,3,66.0
face,glfnet_mlp,psd,watch,sub-006,3,64.66666666666667
face,glfnet_mlp,psd,watch,sub-007,3,60.0
face,glfnet_mlp,psd,watch,sub-008,3,62.0
face,glfnet_mlp,psd,watch,sub-009,3,60.666666666666664
face,glfnet_mlp,psd,watch,sub-010,3,64.0
face,glfnet_mlp,psd,watch,sub-011,3,70.0
face,glfnet_mlp,psd,watch,sub-012,3,66.0
face,glfnet_mlp,psd,watch,sub-013,3,65.33333333333333
face,glfnet_mlp,psd,watch,sub-014,3,62.0
face,glfnet_mlp,psd,watch,sub-015,3,64.0
face,glfnet_mlp,psd,watch,sub-016,3,62.666666666666664
face,glfnet_mlp,psd,watch,sub-017,3,61.333333333333336
face,glfnet_mlp,psd,watch,sub-018,3,65.33333333333333
face,glfnet_mlp,psd,watch,sub-019,3,64.66666666666667
face,glfnet_mlp,psd,watch,sub-020,3,60.0
face,mlpnet,de,recall,sub-001,3,63.333333333333336
face,mlpnet,de,recall,sub-002,3,64.0
face,mlpnet,de,recall,sub-003,3,62.666666666666664
face,mlpnet,de,recall,sub-004,3,66.66666666666667
face,mlpnet,de,recall,sub-005,3,65.33333333333333
face,mlpnet,de,recall,sub-006,3,63.333333333333336
face,mlpnet,de,recall,sub-007,3,64.66666666666667
face,mlpnet,de,recall,sub-008,3,61.333333333333336
face,mlpnet,de,recall,sub-009,3,64.0
face,mlpnet,de,recall,sub-010,3,66.66666666666667
face,mlpnet,de,recall,sub-011,3,66.66666666666667
face,mlpnet,de,recall,sub-012,3,62.666666666666664
face,mlpnet,de,recall,sub-013,3,66.0
face,mlpnet,de,recall,sub-014,3,66.0
face,mlpnet,de,recall,sub-015,3,66.66666666666667
face,mlpnet,de,recall,sub-016,3,64.0
face,mlpnet,de,recall,sub-017,3,62.0
face,mlpnet,de,recall,sub-018,3,65.33333333333333
face,mlpnet,de,recall,sub-019,3,65.33333333333333
face,mlpnet,de,recall,sub-020,3,63.333333333333336
face,mlpnet,de,watch,sub-001,3,61.333333333333336
face,mlpnet,de,watch,sub-002,3,65.33333333333333
face,mlpnet,de,watch,sub-003,3,64.0
face,mlpnet,de,watch,sub-004,3,62.666666666666664
face,mlpnet,de,watch,sub-005,3,64.66666666666667
face,mlpnet,de,watch,sub-006,3,66.0
face,mlpnet,de,watch,sub-007,3,62.0
face,mlpnet,de,watch,sub-008,3,66.0
face,mlpnet,de,watch,sub-009,3,60.0
face,mlpnet,de,watch,sub-010,3,63.333333333333336
face,mlpnet,de,watch,sub-011,3,70.0
face,mlpnet,de,watch,sub-012,3,69.33333333333333
face,mlpnet,de,watch,sub-013,3,64.66666666666667
face,mlpnet,de,watch,sub-014,3,66.66666666666667
face,mlpnet,de,watch,sub-015,3,64.66666666666667
face,mlpnet,de,watch,sub-016,3,65.33333333333333
face,mlpnet,de,watch,sub-017,3,64.0
face,mlpnet,de,watch,sub-018,3,65.33333333333333
face,mlpnet,de,watch,sub-019,3,66.66666666666667
face,mlpnet,de,watch,sub-020,3,62.666666666666664
face,mlpnet,psd,recall,sub-001,3,60.666666666666664
face,mlpnet,psd,recall,sub-002,3,68.0
face,mlpnet,psd,recall,sub-003,3,60.0
face,mlpnet,psd,recall,sub-004,3,58.666666666666664
face,mlpnet,psd,recall,sub-005,3,67.33333333333333
face,mlpnet,psd,recall,sub-006,3,65.33333333333333
face,mlpnet,psd,recall,sub-007,3,59.333333333333336
face,mlpnet,psd,recall,sub-008,3,64.0
face,mlpnet,psd,recall,sub-009,3,59.333333333333336
face,mlpnet,psd,recall,sub-010,3,62.666666666666664
face,mlpnet,psd,recall,sub-011,3,65.33333333333333
face,mlpnet,psd,recall,sub-012,3,64.66666666666667
face,mlpnet,psd,recall,sub-013,3,62.666666666666664
face,mlpnet,psd,recall,sub-014,3,63.333333333333336
face,mlpnet,psd,recall,sub-015,3,61.333333333333336
face,mlpnet,psd,recall,sub-016,3,62.666666666666664
face,mlpnet,psd,recall,sub-017,3,62.0
face,mlpnet,psd,recall,sub-018,3,63.333333333333336
face,mlpnet,psd,recall,sub-019,3,65.33333333333333
face,mlpnet,psd,recall,sub-020,3,60.0
face,mlpnet,psd,watch,sub-001,3,64.0
face,mlpnet,psd,watch,sub-002,3,64.66666666666667
face,mlpnet,psd,watch,sub-003,3,61.333333333333336
face,mlpnet,psd,watch,sub-004,3,61.333333333333336
face,mlpnet,psd,watch,sub-005,3,65.33333333333333
face,mlpnet,psd,watch,sub-006,3,63.333333333333336
face,mlpnet,psd,watch,sub-007,3,59.333333333333336
face,mlpnet,psd,watch,sub-008,3,62.0
face,mlpnet,psd,watch,sub-009,3,59.333333333333336
face,mlpnet,psd,watch,sub-010,3,64.0
face,mlpnet,psd,watch,sub-011,3,68.0
face,mlpnet,psd,watch,sub-012,3,66.0
face,mlpnet,psd,watch,sub-013,3,62.666666666666664
face,mlpnet,psd,watch,sub-014,3,63.333333333333336
face,mlpnet,psd,watch,sub-015,3,63.333333333333336
face,mlpnet,psd,watch,sub-016,3,62.666666666666664
face,mlpnet,psd,watch,sub-017,3,60.666666666666664
face,mlpnet,psd,watch,sub-018,3,65.33333333333333
face,mlpnet,psd,watch,sub-019,3,64.66666666666667
face,mlpnet,psd,watch,sub-020,3,60.666666666666664
face,shallownet,raw,recall,sub-001,3,60.0
face,shallownet,raw,recall,sub-002,3,58.0
face,shallownet,raw,recall,sub-003,3,62.666666666666664
face,shallownet,raw,recall,sub-004,3,62.0
face,shallownet,raw,recall,sub-005,3,63.333333333333336
face,shallownet,raw,recall,sub-006,3,57.333333333333336
face,shallownet,raw,recall,sub-007,3,66.66666666666667
face,shallownet,raw,recall,sub-008,3,61.333333333333336
face,shallownet,raw,recall,sub-009,3,65.33333333333333
face,shallownet,raw,recall,sub-010,3,64.66666666666667
face,shallownet,raw,recall,sub-011,3,59.333333333333336
face,shallownet,raw,recall,sub-012,3,62.0
face,shallownet,raw,recall,sub-013,3,64.0
face,shallownet,raw,recall,sub-014,3,67.33333333333333
face,shallownet,raw,recall,sub-015,3,65.33333333333333
face,shallownet,raw,recall,sub-016,3,59.333333333333336
face,shallownet,raw,recall,sub-017,3,66.66666666666667
face,shallownet,raw,recall,sub-018,3,66.66666666666667
face,shallownet,raw,recall,sub-019,3,65.33333333333333
face,shallownet,raw,recall,sub-020,3,59.333333333333336
face,shallownet,raw,watch,sub-001,3,60.666666666666664
face,shallownet,raw,watch,sub-002,3,66.66666666666667
face,shallownet,raw,watch,sub-003,3,61.333333333333336
face,shallownet,raw,watch,sub-004,3,63.333333333333336
face,shallownet,raw,watch,sub-005,3,60.0
face,shallownet,raw,watch,sub-006,3,62.0
face,shallownet,raw,watch,sub-007,3,65.33333333333333
face,shallownet,raw,watch,sub-008,3,65.33333333333333
face,shallownet,raw,watch,sub-009,3,57.333333333333336
face,shallownet,raw,watch,sub-010,3,64.66666666666667
face,shallownet,raw,watch,sub-011,3,62.0
face,shallownet,raw,watch,sub-012,3,57.333333333333336
face,shallownet,raw,watch,sub-013,3,66.66666666666667
face,shallownet,raw,watch,sub-014,3,65.33333333333333
face,shallownet,raw,watch,sub-015,3,66.66666666666667
face,shallownet,raw,watch,sub-016,3,58.666666666666664
face,shallownet,raw,watch,sub-017,3,59.333333333333336
face,shallownet,raw,watch,sub-018,3,61.333333333333336
face,shallownet,raw,watch,sub-019,3,60.666666666666664
face,shallownet,raw,watch,sub-020,3,63.333333333333336
face,svm,raw,recall,sub-001,3,54.666666666666664
face,svm,raw,recall,sub-002,3,54.0
face,svm,raw,recall,sub-003,3,59.333333333333336
face,svm,raw,recall,sub-004,3,44.0
face,svm,raw,recall,sub-005,3,58.0
face,svm,raw,recall,sub-006,3,56.0
face,svm,raw,recall,sub-007,3,52.666666666666664
face,svm,raw,recall,sub-008,3,61.333333333333336
face,svm,raw,recall,sub-009,3,48.666666666666664
face,svm,raw,recall,sub-010,3,52.666666666666664
face,svm,raw,recall,sub-011,3,50.0
face,svm,raw,recall,sub-012,3,54.666666666666664
face,svm,raw,recall,sub-013,3,54.666666666666664
face,svm,raw,recall,sub-014,3,54.666666666666664
face,svm,raw,recall,sub-015,3,43.333333333333336
face,svm,raw,recall,sub-016,3,54.0
face,svm,raw,recall,sub-017,3,44.666666666666664
face,svm,raw,recall,sub-018,3,44.666666666666664
face,svm,raw,recall,sub-019,3,50.0
face,svm,raw,recall,sub-020,3,51.333333333333336
face,svm,raw,watch,sub-001,3,52.666666666666664
face,svm,raw,watch,sub-002,3,51.333333333333336
face,svm,raw,watch,sub-003,3,51.333333333333336
face,svm,raw,watch,sub-004,3,55.333333333333336
face,svm,raw,watch,sub-005,3,56.666666666666664
face,svm,raw,watch,sub-006,3,61.333333333333336
face,svm,raw,watch,sub-007,3,58.666666666666664
face,svm,raw,watch,sub-008,3,54.0
face,svm,raw,watch,sub-009,3,50.0
face,svm,raw,watch,sub-010,3,49.333333333333336
face,svm,raw,watch,sub-011,3,52.666666666666664
face,svm,raw,watch,sub-012,3,50.0
face,svm,raw,watch,sub-013,3,50.666666666666664
face,svm,raw,watch,sub-014,3,54.666666666666664
face,svm,raw,watch,sub-015,3,54.0
face,svm,raw,watch,sub-016,3,50.0
face,svm,raw,watch,sub-017,3,56.0
face,svm,raw,watch,sub-018,3,53.333333333333336
face,svm,raw,watch,sub-019,3,51.333333333333336
face,svm,raw,watch,sub-020,3,54.666666666666664
face,tsconv,raw,recall,sub-001,3,64.66666666666667
face,tsconv,raw,recall,sub-002,3,64.0
face,tsconv,raw,recall,sub-003,3,62.0
face,tsconv,raw,recall,sub-004,3,61.333333333333336
face,tsconv,raw,recall,sub-005,3,59.333333333333336
face,tsconv,raw,recall,sub-006,3,58.666666666666664
face,tsconv,raw,recall,sub-007,3,61.333333333333336
face,tsconv,raw,recall,sub-008,3,66.0
face,tsconv,raw,recall,sub-009,3,62.0
face,tsconv,raw,recall,sub-010,3,62.0
face,tsconv,raw,recall,sub-011,3,62.666666666666664
face,tsconv,raw,recall,sub-012,3,61.333333333333336
face,tsconv,raw,recall,sub-013,3,58.0
face,tsconv,raw,recall,sub-014,3,59.333333333333336
face,tsconv,raw,recall,sub-015,3,66.66666666666667
face,tsconv,raw,recall,sub-016,3,58.0
face,tsconv,raw,recall,sub-017,3,63.333333333333336
face,tsconv,raw,recall,sub-018,3,57.333333333333336
face,tsconv,raw,recall,sub-019,3,62.0
face,tsconv,raw,recall,sub-020,3,61.333333333333336
face,tsconv,raw,watch,sub-001,3,65.33333333333333
face,tsconv,raw,watch,sub-002,3,62.666666666666664
face,tsconv,raw,watch,sub-003,3,60.666666666666664
face,tsconv,raw,watch,sub-004,3,58.666666666666664
face,tsconv,raw,watch,sub-005,3,60.0
face,tsconv,raw,watch,sub-006,3,61.333333333333336
face,tsconv,raw,watch,sub-007,3,66.0
face,tsconv,raw,watch,sub-008,3,61.333333333333336
face,tsconv,raw,watch,sub-009,3,60.0
face,tsconv,raw,watch,sub-010,3,60.0
face,tsconv,raw,watch,sub-011,3,64.66666666666667
face,tsconv,raw,watch,sub-012,3,60.0
face,tsconv,raw,watch,sub-013,3,65.33333333333333
face,tsconv,raw,watch,sub-014,3,62.666666666666664
face,tsconv,raw,watch,sub-015,3,64.66666666666667
face,tsconv,raw,watch,sub-016,3,67.33333333333333
face,tsconv,raw,watch,sub-017,3,58.0
face,tsconv,raw,watch,sub-018,3,66.66666666666667
face,tsconv,raw,watch,sub-019,3,64.0
face,tsconv,raw,watch,sub-020,3,64.0
fast_slow,GCN_LSTM,raw,recall,sub-001,3,61.333333333333336
fast_slow,GCN_LSTM,raw,recall,sub-002,3,59.333333333333336
fast_slow,GCN_LSTM,raw,recall,sub-003,3,60.666666666666664
fast_slow,GCN_LSTM,raw,recall,sub-004,3,61.333333333333336
fast_slow,GCN_LSTM,raw,recall,sub-005,3,62.0
fast_slow,GCN_LSTM,raw,recall,sub-006,3,60.666666666666664
fast_slow,GCN_LSTM,raw,recall,sub-007,3,61.333333333333336
fast_slow,GCN_LSTM,raw,recall,sub-008,3,60.666666666666664
fast_slow,GCN_LSTM,raw,recall,sub-009,3,63.333333333333336
fast_slow,GCN_LSTM,raw,recall,sub-010,3,67.33333333333333
fast_slow,GCN_LSTM,raw,recall,sub-011,3,61.333333333333336
fast_slow,GCN_LSTM,raw,recall,sub-012,3,66.66666666666667
fast_slow,GCN_LSTM,raw,recall,sub-013,3,65.33333333333333
fast_slow,GCN_LSTM,raw,recall,sub-014,3,66.0
fast_slow,GCN_LSTM,raw,recall,sub-015,3,64.66666666666667
fast_slow,GCN_LSTM,raw,recall,sub-016,3,60.0
fast_slow,GCN_LSTM,raw,recall,sub-017,3,57.333333333333336
fast_slow,GCN_LSTM,raw,recall,sub-018,3,62.0
fast_slow,GCN_LSTM,raw,recall,sub-019,3,62.666666666666664
fast_slow,GCN_LSTM,raw,recall,sub-020,3,62.666666666666664
fast_slow,GCN_LSTM,raw,watch,sub-001,3,60.666666666666664
fast_slow,GCN_LSTM,raw,watch,sub-002,3,65.33333333333333
fast_slow,GCN_LSTM,raw,watch,sub-003,3,61.333333333333336
fast_slow,GCN_LSTM,raw,watch,sub-004,3,58.0
fast_slow,GCN_LSTM,raw,watch,sub-005,3,65.33333333333333
fast_slow,GCN_LSTM,raw,watch,sub-006,3,62.0
fast_slow,GCN_LSTM,raw,watch,sub-007,3,62.0
fast_slow,GCN_LSTM,raw,watch,sub-008,3,58.0
fast_slow,GCN_LSTM,raw,watch,sub-009,3,58.666666666666664
fast_slow,GCN_LSTM,raw,watch,sub-010,3,65.33333333333333
fast_slow,GCN_LSTM,raw,watch,sub-011,3,62.666666666666664
fast_slow,GCN_LSTM,raw,watch,sub-012,3,60.0
fast_slow,GCN_LSTM,raw,watch,sub-013,3,60.0
fast_slow,GCN_LSTM,raw,watch,sub-014,3,62.666666666666664
fast_slow,GCN_LSTM,raw,watch,sub-015,3,66.66666666666667
fast_slow,GCN_LSTM,raw,watch,sub-016,3,59.333333333333336
fast_slow,GCN_LSTM,raw,watch,sub-017,3,59.333333333333336
fast_slow,GCN_LSTM,raw,watch,sub-018,3,60.0
fast_slow,GCN_LSTM,raw,watch,sub-019,3,55.333333333333336
fast_slow,GCN_LSTM,raw,watch,sub-020,3,61.333333333333336
fast_slow,conformer,raw,recall,sub-001,3,60.0
fast_slow,conformer,raw,recall,sub-002,3,64.66666666666667
fast_slow,conformer,raw,recall,sub-003,3,66.0
fast_slow,conformer,raw,recall,sub-004,3,61.333333333333336
fast_slow,conformer,raw,recall,sub-005,3,56.666666666666664
fast_slow,conformer,raw,recall,sub-006,3,62.666666666666664
fast_slow,conformer,raw,recall,sub-007,3,57.333333333333336
fast_slow,conformer,raw,recall,sub-008,3,65.33333333333333
fast_slow,conformer,raw,recall,sub-009,3,60.666666666666664
fast_slow,conformer,raw,recall,sub-010,3,60.0
fast_slow,conformer,raw,recall,sub-011,3,64.0
fast_slow,conformer,raw,recall,sub-012,3,60.666666666666664
fast_slow,conformer,raw,recall,sub-013,3,66.0
fast_slow,conformer,raw,recall,sub-014,3,61.333333333333336
fast_slow,conformer,raw,recall,sub-015,3,65.33333333333333
fast_slow,conformer,raw,recall,sub-016,3,58.0
fast_slow,conformer,raw,recall,sub-017,3,63.333333333333336
fast_slow,conformer,raw,recall,sub-018,3,60.0
fast_slow,conformer,raw,recall,sub-019,3,60.0
fast_slow,conformer,raw,recall,sub-020,3,59.333333333333336
fast_slow,conformer,raw,watch,sub-001,3,64.66666666666667
fast_slow,conformer,raw,watch,sub-002,3,54.666666666666664
fast_slow,conformer,raw,watch,sub-003,3,64.0
fast_slow,conformer,raw,watch,sub-004,3,60.666666666666664
fast_slow,conformer,raw,watch,sub-005,3,61.333333333333336
fast_slow,conformer,raw,watch,sub-006,3,65.33333333333333
fast_slow,conformer,raw,watch,sub-007,3,60.666666666666664
fast_slow,conformer,raw,watch,sub-008,3,68.66666666666667
fast_slow,conformer,raw,watch,sub-009,3,60.0
fast_slow,conformer,raw,watch,sub-010,3,62.666666666666664
fast_slow,conformer,raw,watch,sub-011,3,68.66666666666667
fast_slow,conformer,raw,watch,sub-012,3,60.666666666666664
fast_slow,conformer,raw,watch,sub-013,3,58.666666666666664
fast_slow,conformer,raw,watch,sub-014,3,64.0
fast_slow,conformer,raw,watch,sub-015,3,66.66666666666667
fast_slow,conformer,raw,watch,sub-016,3,64.0
fast_slow,conformer,raw,watch,sub-017,3,67.33333333333333
fast_slow,conformer,raw,watch,sub-018,3,51.333333333333336
fast_slow,conformer,raw,watch,sub-019,3,62.0
fast_slow,conformer,raw,watch,sub-020,3,63.333333333333336
fast_slow,deepnet,raw,recall,sub-001,3,60.666666666666664
fast_slow,deepnet,raw,recall,sub-002,3,62.0
fast_slow,deepnet,raw,recall,sub-003,3,60.666666666666664
fast_slow,deepnet,raw,recall,sub-004,3,62.0
fast_slow,deepnet,raw,recall,sub-005,3,63.333333333333336
fast_slow,deepnet,raw,recall,sub-006,3,56.0
fast_slow,deepnet,raw,recall,sub-007,3,56.0
fast_slow,deepnet,raw,recall,sub-008,3,66.0
fast_slow,deepnet,raw,recall,sub-009,3,56.666666666666664
fast_slow,deepnet,raw,recall,sub-010,3,66.66666666666667
fast_slow,deepnet,raw,recall,sub-011,3,68.66666666666667
fast_slow,deepnet,raw,recall,sub-012,3,60.666666666666664
fast_slow,deepnet,raw,recall,sub-013,3,65.33333333333333
fast_slow,deepnet,raw,recall,sub-014,3,68.0
fast_slow,deepnet,raw,recall,sub-015,3,65.33333333333333
fast_slow,deepnet,raw,recall,sub-016,3,61.333333333333336
fast_slow,deepnet,raw,recall,sub-017,3,68.0
fast_slow,deepnet,raw,recall,sub-018,3,65.33333333333333
fast_slow,deepnet,raw,recall,sub-019,3,56.666666666666664
fast_slow,deepnet,raw,recall,sub-020,3,59.333333333333336
fast_slow,deepnet,raw,watch,sub-001,3,58.666666666666664
fast_slow,deepnet,raw,watch,sub-002,3,64.66666666666667
fast_slow,deepnet,raw,watch,sub-003,3,69.33333333333333
fast_slow,deepnet,raw,watch,sub-004,3,62.666666666666664
fast_slow,deepnet,raw,watch,sub-005,3,59.333333333333336
fast_slow,deepnet,raw,watch,sub-006,3,62.666666666666664
fast_slow,deepnet,raw,watch,sub-007,3,60.666666666666664
fast_slow,deepnet,raw,watch,sub-008,3,62.0
fast_slow,deepnet,raw,watch,sub-009,3,62.666666666666664
fast_slow,deepnet,raw,watch,sub-010,3,64.66666666666667
fast_slow,deepnet,raw,watch,sub-011,3,61.333333333333336
fast_slow,deepnet,raw,watch,sub-012,3,60.0
fast_slow,deepnet,raw,watch,sub-013,3,63.333333333333336
fast_slow,deepnet,raw,watch,sub-014,3,62.0
fast_slow,deepnet,raw,watch,sub-015,3,59.333333333333336
fast_slow,deepnet,raw,watch,sub-016,3,64.0
fast_slow,deepnet,raw,watch,sub-017,3,63.333333333333336
fast_slow,deepnet,raw,watch,sub-018,3,62.666666666666664
fast_slow,deepnet,raw,watch,sub-019,3,60.666666666666664
fast_slow,deepnet,raw,watch,sub-020,3,60.0
fast_slow,eegnet,raw,recall,sub-001,3,62.666666666666664
fast_slow,eegnet,raw,recall,sub-002,3,62.666666666666664
fast_slow,eegnet,raw,recall,sub-003,3,54.0
fast_slow,eegnet,raw,recall,sub-004,3,60.666666666666664
fast_slow,eegnet,raw,recall,sub-005,3,62.666666666666664
fast_slow,eegnet,raw,recall,sub-006,3,56.0
fast_slow,eegnet,raw,recall,sub-007,3,57.333333333333336
fast_slow,eegnet,raw,recall,sub-008,3,63.333333333333336
fast_slow,eegnet,raw,recall,sub-009,3,56.666666666666664
fast_slow,eegnet,raw,recall,sub-010,3,58.666666666666664
fast_slow,eegnet,raw,recall,sub-011,3,66.66666666666667
fast_slow,eegnet,raw,recall,sub-012,3,62.0
fast_slow,eegnet,raw,recall,sub-013,3,60.0
fast_slow,eegnet,raw,recall,sub-014,3,60.0
fast_slow,eegnet,raw,recall,sub-015,3,60.666666666666664
fast_slow,eegnet,raw,recall,sub-016,3,58.666666666666664
fast_slow,eegnet,raw,recall,sub-017,3,59.333333333333336
fast_slow,eegnet,raw,recall,sub-018,3,54.666666666666664
fast_slow,eegnet,raw,recall,sub-019,3,56.0
fast_slow,eegnet,raw,recall,sub-020,3,56.0
fast_slow,eegnet,raw,watch,sub-001,3,62.666666666666664
fast_slow,eegnet,raw,watch,sub-002,3,64.66666666666667
fast_slow,eegnet,raw,watch,sub-003,3,60.0
fast_slow,eegnet,raw,watch,sub-004,3,66.66666666666667
fast_slow,eegnet,raw,watch,sub-005,3,66.66666666666667
fast_slow,eegnet,raw,watch,sub-006,3,64.0
fast_slow,eegnet,raw,watch,sub-007,3,63.333333333333336
fast_slow,eegnet,raw,watch,sub-008,3,60.0
fast_slow,eegnet,raw,watch,sub-009,3,58.666666666666664
fast_slow,eegnet,raw,watch,sub-010,3,59.333333333333336
fast_slow,eegnet,raw,watch,sub-011,3,64.66666666666667
fast_slow,eegnet,raw,watch,sub-012,3,64.66666666666667
fast_slow,eegnet,raw,watch,sub-013,3,54.666666666666664
fast_slow,eegnet,raw,watch,sub-014,3,61.333333333333336
fast_slow,eegnet,raw,watch,sub-015,3,60.0
fast_slow,eegnet,raw,watch,sub-016,3,57.333333333333336
fast_slow,eegnet,raw,watch,sub-017,3,63.333333333333336
fast_slow,eegnet,raw,watch,sub-018,3,58.666666666666664
fast_slow,eegnet,raw,watch,sub-019,3,60.0
fast_slow,eegnet,raw,watch,sub-020,3,60.0
fast_slow,glfnet,raw,recall,sub-001,3,62.0
fast_slow,glfnet,raw,recall,sub-002,3,62.666666666666664
fast_slow,glfnet,raw,recall,sub-003,3,60.0
fast_slow,glfnet,raw,recall,sub-004,3,62.0
fast_slow,glfnet,raw,recall,sub-005,3,61.333333333333336
fast_slow,glfnet,raw,recall,sub-006,3,60.0
fast_slow,glfnet,raw,recall,sub-007,3,58.666666666666664
fast_slow,glfnet,raw,recall,sub-008,3,64.66666666666667
fast_slow,glfnet,raw,recall,sub-009,3,59.333333333333336
fast_slow,glfnet,raw,recall,sub-010,3,64.0
fast_slow,glfnet,raw,recall,sub-011,3,63.333333333333336
fast_slow,glfnet,raw,recall,sub-012,3,60.666666666666664
fast_slow,glfnet,raw,recall,sub-013,3,62.0
fast_slow,glfnet,raw,recall,sub-014,3,66.66666666666667
fast_slow,glfnet,raw,recall,sub-015,3,60.0
fast_slow,glfnet,raw,recall,sub-016,3,62.0
fast_slow,glfnet,raw,recall,sub-017,3,60.666666666666664
fast_slow,glfnet,raw,recall,sub-018,3,59.333333333333336
fast_slow,glfnet,raw,recall,sub-019,3,51.333333333333336
fast_slow,glfnet,raw,recall,sub-020,3,57.333333333333336
fast_slow,glfnet,raw,watch,sub-001,3,56.0
fast_slow,glfnet,raw,watch,sub-002,3,59.333333333333336
fast_slow,glfnet,raw,watch,sub-003,3,66.0
fast_slow,glfnet,raw,watch,sub-004,3,64.66666666666667
fast_slow,glfnet,raw,watch,sub-005,3,60.0
fast_slow,glfnet,raw,watch,sub-006,3,61.333333333333336
fast_slow,glfnet,raw,watch,sub-007,3,63.333333333333336
fast_slow,glfnet,raw,watch,sub-008,3,66.0
fast_slow,glfnet,raw,watch,sub-009,3,64.0
fast_slow,glfnet,raw,watch,sub-010,3,58.0
fast_slow,glfnet,raw,watch,sub-011,3,62.0
fast_slow,glfnet,raw,watch,sub-012,3,60.0
fast_slow,glfnet,raw,watch,sub-013,3,62.0
fast_slow,glfnet,raw,watch,sub-014,3,60.666666666666664
fast_slow,glfnet,raw,watch,sub-015,3,64.66666666666667
fast_slow,glfnet,raw,watch,sub-016,3,58.666666666666664
fast_slow,glfnet,raw,watch,sub-017,3,60.666666666666664
fast_slow,glfnet,raw,watch,sub-018,3,58.0
fast_slow,glfnet,raw,watch,sub-019,3,60.0
fast_slow,glfnet,raw,watch,sub-020,3,60.666666666666664
fast_slow,glfnet_mlp,de,recall,sub-001,3,55.333333333333336
fast_slow,glfnet_mlp,de,recall,sub-002,3,60.666666666666664
fast_slow,glfnet_mlp,de,recall,sub-003,3,62.666666666666664
fast_slow,glfnet_mlp,de,recall,sub-004,3,62.666666666666664
fast_slow,glfnet_mlp,de,recall,sub-005,3,60.666666666666664
fast_slow,glfnet_mlp,de,recall,sub-006,3,64.66666666666667
fast_slow,glfnet_mlp,de,recall,sub-007,3,54.666666666666664
fast_slow,glfnet_mlp,de,recall,sub-008,3,55.333333333333336
fast_slow,glfnet_mlp,de,recall,sub-009,3,60.666666666666664
fast_slow,glfnet_mlp,de,recall,sub-010,3,60.666666666666664
fast_slow,glfnet_mlp,de,recall,sub-011,3,62.666666666666664
fast_slow,glfnet_mlp,de,recall,sub-012,3,61.333333333333336
fast_slow,glfnet_mlp,de,recall,sub-013,3,59.333333333333336
fast_slow,glfnet_mlp,de,recall,sub-014,3,57.333333333333336
fast_slow,glfnet_mlp,de,recall,sub-015,3,64.0
fast_slow,glfnet_mlp,de,recall,sub-016,3,61.333333333333336
fast_slow,glfnet_mlp,de,recall,sub-017,3,65.33333333333333
fast_slow,glfnet_mlp,de,recall,sub-018,3,66.0
fast_slow,glfnet_mlp,de,recall,sub-019,3,58.0
fast_slow,glfnet_mlp,de,recall,sub-020,3,62.0
fast_slow,glfnet_mlp,de,watch,sub-001,3,62.666666666666664
fast_slow,glfnet_mlp,de,watch,sub-002,3,58.666666666666664
fast_slow,glfnet_mlp,de,watch,sub-003,3,58.0
fast_slow,glfnet_mlp,de,watch,sub-004,3,62.666666666666664
fast_slow,glfnet_mlp,de,watch,sub-005,3,57.333333333333336
fast_slow,glfnet_mlp,de,watch,sub-006,3,63.333333333333336
fast_slow,glfnet_mlp,de,watch,sub-007,3,61.333333333333336
fast_slow,glfnet_mlp,de,watch,sub-008,3,57.333333333333336
fast_slow,glfnet_mlp,de,watch,sub-009,3,58.0
fast_slow,glfnet_mlp,de,watch,sub-010,3,63.333333333333336
fast_slow,glfnet_mlp,de,watch,sub-011,3,66.66666666666667
fast_slow,glfnet_mlp,de,watch,sub-012,3,63.333333333333336
fast_slow,glfnet_mlp,de,watch,sub-013,3,62.666666666666664
fast_slow,glfnet_mlp,de,watch,sub-014,3,61.333333333333336
fast_slow,glfnet_mlp,de,watch,sub-015,3,66.66666666666667
fast_slow,glfnet_mlp,de,watch,sub-016,3,59.333333333333336
fast_slow,glfnet_mlp,de,watch,sub-017,3,61.333333333333336
fast_slow,glfnet_mlp,de,watch,sub-018,3,66.0
fast_slow,glfnet_mlp,de,watch,sub-019,3,66.66666666666667
fast_slow,glfnet_mlp,de,watch,sub-020,3,58.0
fast_slow,glfnet_mlp,psd,recall,sub-001,3,58.0
fast_slow,glfnet_mlp,psd,recall,sub-002,3,56.666666666666664
fast_slow,glfnet_mlp,psd,recall,sub-003,3,60.666666666666664
fast_slow,glfnet_mlp,psd,recall,sub-004,3,62.0
fast_slow,glfnet_mlp,psd,recall,sub-005,3,53.333333333333336
fast_slow,glfnet_mlp,psd,recall,sub-006,3,62.666666666666664
fast_slow,glfnet_mlp,psd,recall,sub-007,3,57.333333333333336
fast_slow,glfnet_mlp,psd,recall,sub-008,3,57.333333333333336
fast_slow,glfnet_mlp,psd,recall,sub-009,3,56.666666666666664
fast_slow,glfnet_mlp,psd,recall,sub-010,3,56.666666666666664
fast_slow,glfnet_mlp,psd,recall,sub-011,3,58.666666666666664
fast_slow,glfnet_mlp,psd,recall,sub-012,3,62.666666666666664
fast_slow,glfnet_mlp,psd,recall,sub-013,3,62.666666666666664
fast_slow,glfnet_mlp,psd,recall,sub-014,3,58.666666666666664
fast_slow,glfnet_mlp,psd,recall,sub-015,3,64.0
fast_slow,glfnet_mlp,psd,recall,sub-016,3,61.333333333333336
fast_slow,glfnet_mlp,psd,recall,sub-017,3,64.0
fast_slow,glfnet_mlp,psd,recall,sub-018,3,60.0
fast_slow,glfnet_mlp,psd,recall,sub-019,3,56.666666666666664
fast_slow,glfnet_mlp,psd,recall,sub-020,3,59.333333333333336
fast_slow,glfnet_mlp,psd,watch,sub-001,3,64.0
fast_slow,glfnet_mlp,psd,watch,sub-002,3,60.666666666666664
fast_slow,glfnet_mlp,psd,watch,sub-003,3,62.666666666666664
fast_slow,glfnet_mlp,psd,watch,sub-004,3,58.666666666666664
fast_slow,glfnet_mlp,psd,watch,sub-005,3,61.333333333333336
fast_slow,glfnet_mlp,psd,watch,sub-006,3,64.66666666666667
fast_slow,glfnet_mlp,psd,watch,sub-007,3,54.0
fast_slow,glfnet_mlp,psd,watch,sub-008,3,60.666666666666664
fast_slow,glfnet_mlp,psd,watch,sub-009,3,66.66666666666667
fast_slow,glfnet_mlp,psd,watch,sub-010,3,56.666666666666664
fast_slow,glfnet_mlp,psd,watch,sub-011,3,63.333333333333336
fast_slow,glfnet_mlp,psd,watch,sub-012,3,60.0
fast_slow,glfnet_mlp,psd,watch,sub-013,3,59.333333333333336
fast_slow,glfnet_mlp,psd,watch,sub-014,3,58.666666666666664
fast_slow,glfnet_mlp,psd,watch,sub-015,3,58.666666666666664
fast_slow,glfnet_mlp,psd,watch,sub-016,3,59.333333333333336
fast_slow,glfnet_mlp,psd,watch,sub-017,3,58.666666666666664
fast_slow,glfnet_mlp,psd,watch,sub-018,3,58.666666666666664
fast_slow,glfnet_mlp,psd,watch,sub-019,3,59.333333333333336
fast_slow,glfnet_mlp,psd,watch,sub-020,3,60.0
fast_slow,mlpnet,de,recall,sub-001,3,63.333333333333336
fast_slow,mlpnet,de,recall,sub-002,3,60.0
fast_slow,mlpnet,de,recall,sub-003,3,65.33333333333333
fast_slow,mlpnet,de,recall,sub-004,3,59.333333333333336
fast_slow,mlpnet,de,recall,sub-005,3,58.666666666666664
fast_slow,mlpnet,de,recall,sub-006,3,64.66666666666667
fast_slow,mlpnet,de,recall,sub-007,3,58.0
fast_slow,mlpnet,de,recall,sub-008,3,56.666666666666664
fast_slow,mlpnet,de,recall,sub-009,3,64.66666666666667
fast_slow,mlpnet,de,recall,sub-010,3,57.333333333333336
fast_slow,mlpnet,de,recall,sub-011,3,60.0
fast_slow,mlpnet,de,recall,sub-012,3,64.66666666666667
fast_slow,mlpnet,de,recall,sub-013,3,61.333333333333336
fast_slow,mlpnet,de,recall,sub-014,3,59.333333333333336
fast_slow,mlpnet,de,recall,sub-015,3,61.333333333333336
fast_slow,mlpnet,de,recall,sub-016,3,60.666666666666664
fast_slow,mlpnet,de,recall,sub-017,3,61.333333333333336
fast_slow,mlpnet,de,recall,sub-018,3,59.333333333333336
fast_slow,mlpnet,de,recall,sub-019,3,58.0
fast_slow,mlpnet,de,recall,sub-020,3,57.333333333333336
fast_slow,mlpnet,de,watch,sub-001,3,62.666666666666664
fast_slow,mlpnet,de,watch,sub-002,3,58.666666666666664
fast_slow,mlpnet,de,watch,sub-003,3,60.666666666666664
fast_slow,mlpnet,de,watch,sub-004,3,60.0
fast_slow,mlpnet,de,watch,sub-005,3,60.666666666666664
fast_slow,mlpnet,de,watch,sub-006,3,65.33333333333333
fast_slow,mlpnet,de,watch,sub-007,3,56.666666666666664
fast_slow,mlpnet,de,watch,sub-008,3,60.0
fast_slow,mlpnet,de,watch,sub-009,3,62.666666666666664
fast_slow,mlpnet,de,watch,sub-010,3,59.333333333333336
fast_slow,mlpnet,de,watch,sub-011,3,62.0
fast_slow,mlpnet,de,watch,sub-012,3,60.666666666666664
fast_slow,mlpnet,de,watch,sub-013,3,60.666666666666664
fast_slow,mlpnet,de,watch,sub-014,3,60.666666666666664
fast_slow,mlpnet,de,watch,sub-015,3,67.33333333333333
fast_slow,mlpnet,de,watch,sub-016,3,61.333333333333336
fast_slow,mlpnet,de,watch,sub-017,3,58.0
fast_slow,mlpnet,de,watch,sub-018,3,60.666666666666664
fast_slow,mlpnet,de,watch,sub-019,3,61.333333333333336
fast_slow,mlpnet,de,watch,sub-020,3,60.666666666666664
fast_slow,mlpnet,psd,recall,sub-001,3,55.333333333333336
fast_slow,mlpnet,psd,recall,sub-002,3,58.666666666666664
fast_slow,mlpnet,psd,recall,sub-003,3,53.333333333333336
fast_slow,mlpnet,psd,recall,sub-004,3,54.666666666666664
fast_slow,mlpnet,psd,recall,sub-005,3,47.333333333333336
fast_slow,mlpnet,psd,recall,sub-006,3,60.0
fast_slow,mlpnet,psd,recall,sub-007,3,56.0
fast_slow,mlpnet,psd,recall,sub-008,3,58.666666666666664
fast_slow,mlpnet,psd,recall,sub-009,3,55.333333333333336
fast_slow,mlpnet,psd,recall,sub-010,3,53.333333333333336
fast_slow,mlpnet,psd,recall,sub-011,3,55.333333333333336
fast_slow,mlpnet,psd,recall,sub-012,3,58.666666666666664
fast_slow,mlpnet,psd,recall,sub-013,3,61.333333333333336
fast_slow,mlpnet,psd,recall,sub-014,3,64.66666666666667
fast_slow,mlpnet,psd,recall,sub-015,3,52.666666666666664
fast_slow,mlpnet,psd,recall,sub-016,3,57.333333333333336
fast_slow,mlpnet,psd,recall,sub-017,3,62.666666666666664
fast_slow,mlpnet,psd,recall,sub-018,3,56.666666666666664
fast_slow,mlpnet,psd,recall,sub-019,3,50.0
fast_slow,mlpnet,psd,recall,sub-020,3,55.333333333333336
fast_slow,mlpnet,psd,watch,sub-001,3,56.0
fast_slow,mlpnet,psd,watch,sub-002,3,58.666666666666664
fast_slow,mlpnet,psd,watch,sub-003,3,60.0
fast_slow,mlpnet,psd,watch,sub-004,3,58.666666666666664
fast_slow,mlpnet,psd,watch,sub-005,3,56.666666666666664
fast_slow,mlpnet,psd,watch,sub-006,3,64.0
fast_slow,mlpnet,psd,watch,sub-007,3,52.0
fast_slow,mlpnet,psd,watch,sub-008,3,56.0
fast_slow,mlpnet,psd,watch,sub-009,3,66.0
fast_slow,mlpnet,psd,watch,sub-010,3,54.0
fast_slow,mlpnet,psd,watch,sub-011,3,57.333333333333336
fast_slow,mlpnet,psd,watch,sub-012,3,56.0
fast_slow,mlpnet,psd,watch,sub-013,3,58.0
fast_slow,mlpnet,psd,watch,sub-014,3,56.666666666666664
fast_slow,mlpnet,psd,watch,sub-015,3,57.333333333333336
fast_slow,mlpnet,psd,watch,sub-016,3,53.333333333333336
fast_slow,mlpnet,psd,watch,sub-017,3,58.0
fast_slow,mlpnet,psd,watch,sub-018,3,53.333333333333336
fast_slow,mlpnet,psd,watch,sub-019,3,57.333333333333336
fast_slow,mlpnet,psd,watch,sub-020,3,60.0
fast_slow,shallownet,raw,recall,sub-001,3,60.666666666666664
fast_slow,shallownet,raw,recall,sub-002,3,62.666666666666664
fast_slow,shallownet,raw,recall,sub-003,3,54.666666666666664
fast_slow,shallownet,raw,recall,sub-004,3,61.333333333333336
fast_slow,shallownet,raw,recall,sub-005,3,61.333333333333336
fast_slow,shallownet,raw,recall,sub-006,3,59.333333333333336
fast_slow,shallownet,raw,recall,sub-007,3,58.0
fast_slow,shallownet,raw,recall,sub-008,3,64.0
fast_slow,shallownet,raw,recall,sub-009,3,59.333333333333336
fast_slow,shallownet,raw,recall,sub-010,3,65.33333333333333
fast_slow,shallownet,raw,recall,sub-011,3,61.333333333333336
fast_slow,shallownet,raw,recall,sub-012,3,61.333333333333336
fast_slow,shallownet,raw,recall,sub-013,3,63.333333333333336
fast_slow,shallownet,raw,recall,sub-014,3,66.0
fast_slow,shallownet,raw,recall,sub-015,3,61.333333333333336
fast_slow,shallownet,raw,recall,sub-016,3,64.0
fast_slow,shallownet,raw,recall,sub-017,3,62.0
fast_slow,shallownet,raw,recall,sub-018,3,64.0
fast_slow,shallownet,raw,recall,sub-019,3,54.0
fast_slow,shallownet,raw,recall,sub-020,3,56.666666666666664
fast_slow,shallownet,raw,watch,sub-001,3,58.0
fast_slow,shallownet,raw,watch,sub-002,3,56.0
fast_slow,shallownet,raw,watch,sub-003,3,66.66666666666667
fast_slow,shallownet,raw,watch,sub-004,3,64.0
fast_slow,shallownet,raw,watch,sub-005,3,60.666666666666664
fast_slow,shallownet,raw,watch,sub-006,3,64.66666666666667
fast_slow,shallownet,raw,watch,sub-007,3,61.333333333333336
fast_slow,shallownet,raw,watch,sub-008,3,66.0
fast_slow,shallownet,raw,watch,sub-009,3,60.0
fast_slow,shallownet,raw,watch,sub-010,3,52.0
fast_slow,shallownet,raw,watch,sub-011,3,64.0
fast_slow,shallownet,raw,watch,sub-012,3,59.333333333333336
fast_slow,shallownet,raw,watch,sub-013,3,62.0
fast_slow,shallownet,raw,watch,sub-014,3,60.0
fast_slow,shallownet,raw,watch,sub-015,3,62.666666666666664
fast_slow,shallownet,raw,watch,sub-016,3,60.666666666666664
fast_slow,shallownet,raw,watch,sub-017,3,62.0
fast_slow,shallownet,raw,watch,sub-018,3,60.0
fast_slow,shallownet,raw,watch,sub-019,3,56.666666666666664
fast_slow,shallownet,raw,watch,sub-020,3,61.333333333333336
fast_slow,svm,raw,recall,sub-001,3,49.333333333333336
fast_slow,svm,raw,recall,sub-002,3,46.666666666666664
fast_slow,svm,raw,recall,sub-003,3,54.666666666666664
fast_slow,svm,raw,recall,sub-004,3,46.0
fast_slow,svm,raw,recall,sub-005,3,47.333333333333336
fast_slow,svm,raw,recall,sub-006,3,43.333333333333336
fast_slow,svm,raw,recall,sub-007,3,45.333333333333336
fast_slow,svm,raw,recall,sub-008,3,48.666666666666664
fast_slow,svm,raw,recall,sub-009,3,52.666666666666664
fast_slow,svm,raw,recall,sub-010,3,50.0
fast_slow,svm,raw,recall,sub-011,3,48.0
fast_slow,svm,raw,recall,sub-012,3,48.0
fast_slow,svm,raw,recall,sub-013,3,48.0
fast_slow,svm,raw,recall,sub-014,3,47.333333333333336
fast_slow,svm,raw,recall,sub-015,3,52.0
fast_slow,svm,raw,recall,sub-016,3,51.333333333333336
fast_slow,svm,raw,recall,sub-017,3,52.0
fast_slow,svm,raw,recall,sub-018,3,48.666666666666664
fast_slow,svm,raw,recall,sub-019,3,45.333333333333336
fast_slow,svm,raw,recall,sub-020,3,40.0
fast_slow,svm,raw,watch,sub-001,3,44.666666666666664
fast_slow,svm,raw,watch,sub-002,3,47.333333333333336
fast_slow,svm,raw,watch,sub-003,3,56.0
fast_slow,svm,raw,watch,sub-004,3,56.666666666666664
fast_slow,svm,raw,watch,sub-005,3,50.0
fast_slow,svm,raw,watch,sub-006,3,46.666666666666664
fast_slow,svm,raw,watch,sub-007,3,43.333333333333336
fast_slow,svm,raw,watch,sub-008,3,47.333333333333336
fast_slow,svm,raw,watch,sub-009,3,51.333333333333336
fast_slow,svm,raw,watch,sub-010,3,57.333333333333336
fast_slow,svm,raw,watch,sub-011,3,55.333333333333336
fast_slow,svm,raw,watch,sub-012,3,45.333333333333336
fast_slow,svm,raw,watch,sub-013,3,50.666666666666664
fast_slow,svm,raw,watch,sub-014,3,50.0
fast_slow,svm,raw,watch,sub-015,3,44.666666666666664
fast_slow,svm,raw,watch,sub-016,3,46.0
fast_slow,svm,raw,watch,sub-017,3,52.666666666666664
fast_slow,svm,raw,watch,sub-018,3,46.666666666666664
fast_slow,svm,raw,watch,sub-019,3,46.0
fast_slow,svm,raw,watch,sub-020,3,56.0
fast_slow,tsconv,raw,recall,sub-001,3,62.0
fast_slow,tsconv,raw,recall,sub-002,3,65.33333333333333
fast_slow,tsconv,raw,recall,sub-003,3,60.666666666666664
fast_slow,tsconv,raw,recall,sub-004,3,60.666666666666664
fast_slow,tsconv,raw,recall,sub-005,3,62.0
fast_slow,tsconv,raw,recall,sub-006,3,58.666666666666664
fast_slow,tsconv,raw,recall,sub-007,3,60.666666666666664
fast_slow,tsconv,raw,recall,sub-008,3,65.33333333333333
fast_slow,tsconv,raw,recall,sub-009,3,56.666666666666664
fast_slow,tsconv,raw,recall,sub-010,3,67.33333333333333
fast_slow,tsconv,raw,recall,sub-011,3,62.666666666666664
fast_slow,tsconv,raw,recall,sub-012,3,62.0
fast_slow,tsconv,raw,recall,sub-013,3,64.0
fast_slow,tsconv,raw,recall,sub-014,3,65.33333333333333
fast_slow,tsconv,raw,recall,sub-015,3,58.666666666666664
fast_slow,tsconv,raw,recall,sub-016,3,66.0
fast_slow,tsconv,raw,recall,sub-017,3,62.0
fast_slow,tsconv,raw,recall,sub-018,3,62.0
fast_slow,tsconv,raw,recall,sub-019,3,54.666666666666664
fast_slow,tsconv,raw,recall,sub-020,3,61.333333333333336
fast_slow,tsconv,raw,watch,sub-001,3,62.0
fast_slow,tsconv,raw,watch,sub-002,3,59.333333333333336
fast_slow,tsconv,raw,watch,sub-003,3,60.0
fast_slow,tsconv,raw,watch,sub-004,3,60.0
fast_slow,tsconv,raw,watch,sub-005,3,58.666666666666664
fast_slow,tsconv,raw,watch,sub-006,3,58.666666666666664
fast_slow,tsconv,raw,watch,sub-007,3,58.666666666666664
fast_slow,tsconv,raw,watch,sub-008,3,60.0
fast_slow,tsconv,raw,watch,sub-009,3,59.333333333333336
fast_slow,tsconv,raw,watch,sub-010,3,62.666666666666664
fast_slow,tsconv,raw,watch,sub-011,3,60.666666666666664
fast_slow,tsconv,raw,watch,sub-012,3,62.0
fast_slow,tsconv,raw,watch,sub-013,3,54.666666666666664
fast_slow,tsconv,raw,watch,sub-014,3,70.0
fast_slow,tsconv,raw,watch,sub-015,3,60.0
fast_slow,tsconv,raw,watch,sub-016,3,57.333333333333336
fast_slow,tsconv,raw,watch,sub-017,3,64.0
fast_slow,tsconv,raw,watch,sub-018,3,54.666666666666664
fast_slow,tsconv,raw,watch,sub-019,3,62.666666666666664
fast_slow,tsconv,raw,watch,sub-020,3,60.0
human,GCN_LSTM,raw,recall,sub-001,3,64.66666666666667
human,GCN_LSTM,raw,recall,sub-002,3,62.666666666666664
human,GCN_LSTM,raw,recall,sub-003,3,62.0
human,GCN_LSTM,raw,recall,sub-004,3,59.333333333333336
human,GCN_LSTM,raw,recall,sub-005,3,56.666666666666664
human,GCN_LSTM,raw,recall,sub-006,3,61.333333333333336
human,GCN_LSTM,raw,recall,sub-007,3,60.0
human,GCN_LSTM,raw,recall,sub-008,3,58.0
human,GCN_LSTM,raw,recall,sub-009,3,59.333333333333336
human,GCN_LSTM,raw,recall,sub-010,3,59.333333333333336
human,GCN_LSTM,raw,recall,sub-011,3,56.0
human,GCN_LSTM,raw,recall,sub-012,3,65.33333333333333
human,GCN_LSTM,raw,recall,sub-013,3,64.66666666666667
human,GCN_LSTM,raw,recall,sub-014,3,61.333333333333336
human,GCN_LSTM,raw,recall,sub-015,3,60.666666666666664
human,GCN_LSTM,raw,recall,sub-016,3,65.33333333333333
human,GCN_LSTM,raw,recall,sub-017,3,61.333333333333336
human,GCN_LSTM,raw,recall,sub-018,3,60.0
human,GCN_LSTM,raw,recall,sub-019,3,56.666666666666664
human,GCN_LSTM,raw,recall,sub-020,3,61.333333333333336
human,GCN_LSTM,raw,watch,sub-001,3,59.333333333333336
human,GCN_LSTM,raw,watch,sub-002,3,63.333333333333336
human,GCN_LSTM,raw,watch,sub-003,3,61.333333333333336
human,GCN_LSTM,raw,watch,sub-004,3,57.333333333333336
human,GCN_LSTM,raw,watch,sub-005,3,60.0
human,GCN_LSTM,raw,watch,sub-006,3,65.33333333333333
human,GCN_LSTM,raw,watch,sub-007,3,60.0
human,GCN_LSTM,raw,watch,sub-008,3,57.333333333333336
human,GCN_LSTM,raw,watch,sub-009,3,58.666666666666664
human,GCN_LSTM,raw,watch,sub-010,3,62.0
human,GCN_LSTM,raw,watch,sub-011,3,61.333333333333336
human,GCN_LSTM,raw,watch,sub-012,3,63.333333333333336
human,GCN_LSTM,raw,watch,sub-013,3,60.666666666666664
human,GCN_LSTM,raw,watch,sub-014,3,67.33333333333333
human,GCN_LSTM,raw,watch,sub-015,3,60.666666666666664
human,GCN_LSTM,raw,watch,sub-016,3,56.666666666666664
human,GCN_LSTM,raw,watch,sub-017,3,65.33333333333333
human,GCN_LSTM,raw,watch,sub-018,3,62.666666666666664
human,GCN_LSTM,raw,watch,sub-019,3,63.333333333333336
human,GCN_LSTM,raw,watch,sub-020,3,60.0
human,conformer,raw,recall,sub-001,3,60.0
human,conformer,raw,recall,sub-002,3,64.0
human,conformer,raw,recall,sub-003,3,63.333333333333336
human,conformer,raw,recall,sub-004,3,58.0
human,conformer,raw,recall,sub-005,3,63.333333333333336
human,conformer,raw,recall,sub-006,3,56.666666666666664
human,conformer,raw,recall,sub-007,3,64.66666666666667
human,conformer,raw,recall,sub-008,3,57.333333333333336
human,conformer,raw,recall,sub-009,3,60.666666666666664
human,conformer,raw,recall,sub-010,3,61.333333333333336
human,conformer,raw,recall,sub-011,3,60.666666666666664
human,conformer,raw,recall,sub-012,3,58.0
human,conformer,raw,recall,sub-013,3,58.666666666666664
human,conformer,raw,recall,sub-014,3,59.333333333333336
human,conformer,raw,recall,sub-015,3,64.66666666666667
human,conformer,raw,recall,sub-016,3,65.33333333333333
human,conformer,raw,recall,sub-017,3,62.666666666666664
human,conformer,raw,recall,sub-018,3,59.333333333333336
human,conformer,raw,recall,sub-019,3,63.333333333333336
human,conformer,raw,recall,sub-020,3,69.33333333333333
human,conformer,raw,watch,sub-001,3,60.0
human,conformer,raw,watch,sub-002,3,59.333333333333336
human,conformer,raw,watch,sub-003,3,62.0
human,conformer,raw,watch,sub-004,3,61.333333333333336
human,conformer,raw,watch,sub-005,3,64.66666666666667
human,conformer,raw,watch,sub-006,3,54.666666666666664
human,conformer,raw,watch,sub-007,3,62.0
human,conformer,raw,watch,sub-008,3,66.0
human,conformer,raw,watch,sub-009,3,61.333333333333336
human,conformer,raw,watch,sub-010,3,59.333333333333336
human,conformer,raw,watch,sub-011,3,62.666666666666664
human,conformer,raw,watch,sub-012,3,62.0
human,conformer,raw,watch,sub-013,3,68.66666666666667
human,conformer,raw,watch,sub-014,3,65.33333333333333
human,conformer,raw,watch,sub-015,3,63.333333333333336
human,conformer,raw,watch,sub-016,3,61.333333333333336
human,conformer,raw,watch,sub-017,3,62.0
human,conformer,raw,watch,sub-018,3,59.333333333333336
human,conformer,raw,watch,sub-019,3,64.0
human,conformer,raw,watch,sub-020,3,67.33333333333333
human,deepnet,raw,recall,sub-001,3,62.0
human,deepnet,raw,recall,sub-002,3,64.0
human,deepnet,raw,recall,sub-003,3,60.666666666666664
human,deepnet,raw,recall,sub-004,3,60.666666666666664
human,deepnet,raw,recall,sub-005,3,62.666666666666664
human,deepnet,raw,recall,sub-006,3,57.333333333333336
human,deepnet,raw,recall,sub-007,3,58.0
human,deepnet,raw,recall,sub-008,3,60.666666666666664
human,deepnet,raw,recall,sub-009,3,56.0
human,deepnet,raw,recall,sub-010,3,61.333333333333336
human,deepnet,raw,recall,sub-011,3,58.666666666666664
human,deepnet,raw,recall,sub-012,3,60.0
human,deepnet,raw,recall,sub-013,3,58.0
human,deepnet,raw,recall,sub-014,3,61.333333333333336
human,deepnet,raw,recall,sub-015,3,64.0
human,deepnet,raw,recall,sub-016,3,60.0
human,deepnet,raw,recall,sub-017,3,64.66666666666667
human,deepnet,raw,recall,sub-018,3,62.666666666666664
human,deepnet,raw,recall,sub-019,3,59.333333333333336
human,deepnet,raw,recall,sub-020,3,66.66666666666667
human,deepnet,raw,watch,sub-001,3,60.0
human,deepnet,raw,watch,sub-002,3,64.66666666666667
human,deepnet,raw,watch,sub-003,3,56.0
human,deepnet,raw,watch,sub-004,3,58.0
human,deepnet,raw,watch,sub-005,3,59.333333333333336
human,deepnet,raw,watch,sub-006,3,68.66666666666667
human,deepnet,raw,watch,sub-007,3,64.66666666666667
human,deepnet,raw,watch,sub-008,3,61.333333333333336
human,deepnet,raw,watch,sub-009,3,57.333333333333336
human,deepnet,raw,watch,sub-010,3,59.333333333333336
human,deepnet,raw,watch,sub-011,3,58.666666666666664
human,deepnet,raw,watch,sub-012,3,58.0
human,deepnet,raw,watch,sub-013,3,65.33333333333333
human,deepnet,raw,watch,sub-014,3,64.66666666666667
human,deepnet,raw,watch,sub-015,3,54.666666666666664
human,deepnet,raw,watch,sub-016,3,64.66666666666667
human,deepnet,raw,watch,sub-017,3,67.33333333333333
human,deepnet,raw,watch,sub-018,3,58.666666666666664
human,deepnet,raw,watch,sub-019,3,55.333333333333336
human,deepnet,raw,watch,sub-020,3,64.0
human,eegnet,raw,recall,sub-001,3,62.666666666666664
human,eegnet,raw,recall,sub-002,3,62.0
human,eegnet,raw,recall,sub-003,3,65.33333333333333
human,eegnet,raw,recall,sub-004,3,61.333333333333336
human,eegnet,raw,recall,sub-005,3,60.666666666666664
human,eegnet,raw,recall,sub-006,3,61.333333333333336
human,eegnet,raw,recall,sub-007,3,55.333333333333336
human,eegnet,raw,recall,sub-008,3,56.0
human,eegnet,raw,recall,sub-009,3,62.666666666666664
human,eegnet,raw,recall,sub-010,3,62.666666666666664
human,eegnet,raw,recall,sub-011,3,58.0
human,eegnet,raw,recall,sub-012,3,59.333333333333336
human,eegnet,raw,recall,sub-013,3,59.333333333333336
human,eegnet,raw,recall,sub-014,3,60.0
human,eegnet,raw,recall,sub-015,3,63.333333333333336
human,eegnet,raw,recall,sub-016,3,62.0
human,eegnet,raw,recall,sub-017,3,62.666666666666664
human,eegnet,raw,recall,sub-018,3,58.0
human,eegnet,raw,recall,sub-019,3,57.333333333333336
human,eegnet,raw,recall,sub-020,3,58.0
human,eegnet,raw,watch,sub-001,3,64.66666666666667
human,eegnet,raw,watch,sub-002,3,61.333333333333336
human,eegnet,raw,watch,sub-003,3,60.0
human,eegnet,raw,watch,sub-004,3,61.333333333333336
human,eegnet,raw,watch,sub-005,3,54.0
human,eegnet,raw,watch,sub-006,3,58.666666666666664
human,eegnet,raw,watch,sub-007,3,57.333333333333336
human,eegnet,raw,watch,sub-008,3,58.0
human,eegnet,raw,watch,sub-009,3,60.0
human,eegnet,raw,watch,sub-010,3,65.33333333333333
human,eegnet,raw,watch,sub-011,3,63.333333333333336
human,eegnet,raw,watch,sub-012,3,58.0
human,eegnet,raw,watch,sub-013,3,62.666666666666664
human,eegnet,raw,watch,sub-014,3,60.0
human,eegnet,raw,watch,sub-015,3,57.333333333333336
human,eegnet,raw,watch,sub-016,3,61.333333333333336
human,eegnet,raw,watch,sub-017,3,58.0
human,eegnet,raw,watch,sub-018,3,54.0
human,eegnet,raw,watch,sub-019,3,67.33333333333333
human,eegnet,raw,watch,sub-020,3,62.666666666666664
human,glfnet,raw,recall,sub-001,3,64.66666666666667
human,glfnet,raw,recall,sub-002,3,62.0
human,glfnet,raw,recall,sub-003,3,56.666666666666664
human,glfnet,raw,recall,sub-004,3,56.666666666666664
human,glfnet,raw,recall,sub-005,3,60.666666666666664
human,glfnet,raw,recall,sub-006,3,60.666666666666664
human,glfnet,raw,recall,sub-007,3,58.0
human,glfnet,raw,recall,sub-008,3,58.0
human,glfnet,raw,recall,sub-009,3,58.666666666666664
human,glfnet,raw,recall,sub-010,3,55.333333333333336
human,glfnet,raw,recall,sub-011,3,59.333333333333336
human,glfnet,raw,recall,sub-012,3,55.333333333333336
human,glfnet,raw,recall,sub-013,3,65.33333333333333
human,glfnet,raw,recall,sub-014,3,63.333333333333336
human,glfnet,raw,recall,sub-015,3,56.666666666666664
human,glfnet,raw,recall,sub-016,3,67.33333333333333
human,glfnet,raw,recall,sub-017,3,62.0
human,glfnet,raw,recall,sub-018,3,60.0
human,glfnet,raw,recall,sub-019,3,62.666666666666664
human,glfnet,raw,recall,sub-020,3,65.33333333333333
human,glfnet,raw,watch,sub-001,3,60.0
human,glfnet,raw,watch,sub-002,3,61.333333333333336
human,glfnet,raw,watch,sub-003,3,58.0
human,glfnet,raw,watch,sub-004,3,60.666666666666664
human,glfnet,raw,watch,sub-005,3,63.333333333333336
human,glfnet,raw,watch,sub-006,3,64.0
human,glfnet,raw,watch,sub-007,3,66.0
human,glfnet,raw,watch,sub-008,3,68.66666666666667
human,glfnet,raw,watch,sub-009,3,66.0
human,glfnet,raw,watch,sub-010,3,62.666666666666664
human,glfnet,raw,watch,sub-011,3,57.333333333333336
human,glfnet,raw,watch,sub-012,3,59.333333333333336
human,glfnet,raw,watch,sub-013,3,60.666666666666664
human,glfnet,raw,watch,sub-014,3,61.333333333333336
human,glfnet,raw,watch,sub-015,3,58.666666666666664
human,glfnet,raw,watch,sub-016,3,59.333333333333336
human,glfnet,raw,watch,sub-017,3,59.333333333333336
human,glfnet,raw,watch,sub-018,3,60.666666666666664
human,glfnet,raw,watch,sub-019,3,58.0
human,glfnet,raw,watch,sub-020,3,62.666666666666664
human,glfnet_mlp,de,recall,sub-001,3,61.333333333333336
human,glfnet_mlp,de,recall,sub-002,3,56.666666666666664
human,glfnet_mlp,de,recall,sub-003,3,60.0
human,glfnet_mlp,de,recall,sub-004,3,64.66666666666667
human,glfnet_mlp,de,recall,sub-005,3,58.666666666666664
human,glfnet_mlp,de,recall,sub-006,3,63.333333333333336
human,glfnet_mlp,de,recall,sub-007,3,61.333333333333336
human,glfnet_mlp,de,recall,sub-008,3,59.333333333333336
human,glfnet_mlp,de,recall,sub-009,3,58.666666666666664
human,glfnet_mlp,de,recall,sub-010,3,62.0
human,glfnet_mlp,de,recall,sub-011,3,59.333333333333336
human,glfnet_mlp,de,recall,sub-012,3,65.33333333333333
human,glfnet_mlp,de,recall,sub-013,3,60.0
human,glfnet_mlp,de,recall,sub-014,3,64.0
human,glfnet_mlp,de,recall,sub-015,3,59.333333333333336
human,glfnet_mlp,de,recall,sub-016,3,56.666666666666664
human,glfnet_mlp,de,recall,sub-017,3,61.333333333333336
human,glfnet_mlp,de,recall,sub-018,3,62.0
human,glfnet_mlp,de,recall,sub-019,3,58.666666666666664
human,glfnet_mlp,de,recall,sub-020,3,65.33333333333333
human,glfnet_mlp,de,watch,sub-001,3,62.666666666666664
human,glfnet_mlp,de,watch,sub-002,3,62.0
human,glfnet_mlp,de,watch,sub-003,3,58.0
human,glfnet_mlp,de,watch,sub-004,3,60.666666666666664
human,glfnet_mlp,de,watch,sub-005,3,57.333333333333336
human,glfnet_mlp,de,watch,sub-006,3,64.0
human,glfnet_mlp,de,watch,sub-007,3,58.666666666666664
human,glfnet_mlp,de,watch,sub-008,3,58.666666666666664
human,glfnet_mlp,de,watch,sub-009,3,54.666666666666664
human,glfnet_mlp,de,watch,sub-010,3,60.666666666666664
human,glfnet_mlp,de,watch,sub-011,3,61.333333333333336
human,glfnet_mlp,de,watch,sub-012,3,64.0
human,glfnet_mlp,de,watch,sub-013,3,64.66666666666667
human,glfnet_mlp,de,watch,sub-014,3,63.333333333333336
human,glfnet_mlp,de,watch,sub-015,3,66.66666666666667
human,glfnet_mlp,de,watch,sub-016,3,57.333333333333336
human,glfnet_mlp,de,watch,sub-017,3,54.666666666666664
human,glfnet_mlp,de,watch,sub-018,3,62.0
human,glfnet_mlp,de,watch,sub-019,3,60.0
human,glfnet_mlp,de,watch,sub-020,3,61.333333333333336
human,glfnet_mlp,psd,recall,sub-001,3,59.333333333333336
human,glfnet_mlp,psd,recall,sub-002,3,57.333333333333336
human,glfnet_mlp,psd,recall,sub-003,3,57.333333333333336
human,glfnet_mlp,psd,recall,sub-004,3,58.0
human,glfnet_mlp,psd,recall,sub-005,3,53.333333333333336
human,glfnet_mlp,psd,recall,sub-006,3,58.666666666666664
human,glfnet_mlp,psd,recall,sub-007,3,55.333333333333336
human,glfnet_mlp,psd,recall,sub-008,3,54.0
human,glfnet_mlp,psd,recall,sub-009,3,54.0
human,glfnet_mlp,psd,recall,sub-010,3,56.666666666666664
human,glfnet_mlp,psd,recall,sub-011,3,53.333333333333336
human,glfnet_mlp,psd,recall,sub-012,3,61.333333333333336
human,glfnet_mlp,psd,recall,sub-013,3,56.666666666666664
human,glfnet_mlp,psd,recall,sub-014,3,60.666666666666664
human,glfnet_mlp,psd,recall,sub-015,3,59.333333333333336
human,glfnet_mlp,psd,recall,sub-016,3,54.0
human,glfnet_mlp,psd,recall,sub-017,3,57.333333333333336
human,glfnet_mlp,psd,recall,sub-018,3,58.0
human,glfnet_mlp,psd,recall,sub-019,3,53.333333333333336
human,glfnet_mlp,psd,recall,sub-020,3,62.666666666666664
human,glfnet_mlp,psd,watch,sub-001,3,64.66666666666667
human,glfnet_mlp,psd,watch,sub-002,3,64.0
human,glfnet_mlp,psd,watch,sub-003,3,60.0
human,glfnet_mlp,psd,watch,sub-004,3,56.666666666666664
human,glfnet_mlp,psd,watch,sub-005,3,54.0
human,glfnet_mlp,psd,watch,sub-006,3,65.33333333333333
human,glfnet_mlp,psd,watch,sub-007,3,58.0
human,glfnet_mlp,psd,watch,sub-008,3,58.666666666666664
human,glfnet_mlp,psd,watch,sub-009,3,54.666666666666664
human,glfnet_mlp,psd,watch,sub-010,3,56.0
human,glfnet_mlp,psd,watch,sub-011,3,56.0
human,glfnet_mlp,psd,watch,sub-012,3,62.666666666666664
human,glfnet_mlp,psd,watch,sub-013,3,58.666666666666664
human,glfnet_mlp,psd,watch,sub-014,3,60.0
human,glfnet_mlp,psd,watch,sub-015,3,63.333333333333336
human,glfnet_mlp,psd,watch,sub-016,3,57.333333333333336
human,glfnet_mlp,psd,watch,sub-017,3,56.666666666666664
human,glfnet_mlp,psd,watch,sub-018,3,58.0
human,glfnet_mlp,psd,watch,sub-019,3,58.0
human,glfnet_mlp,psd,watch,sub-020,3,61.333333333333336
human,mlpnet,de,recall,sub-001,3,60.666666666666664
human,mlpnet,de,recall,sub-002,3,61.333333333333336
human,mlpnet,de,recall,sub-003,3,58.0
human,mlpnet,de,recall,sub-004,3,66.66666666666667
human,mlpnet,de,recall,sub-005,3,60.666666666666664
human,mlpnet,de,recall,sub-006,3,64.0
human,mlpnet,de,recall,sub-007,3,62.0
human,mlpnet,de,recall,sub-008,3,62.0
human,mlpnet,de,recall,sub-009,3,58.666666666666664
human,mlpnet,de,recall,sub-010,3,64.0
human,mlpnet,de,recall,sub-011,3,60.0
human,mlpnet,de,recall,sub-012,3,63.333333333333336
human,mlpnet,de,recall,sub-013,3,62.666666666666664
human,mlpnet,de,recall,sub-014,3,64.66666666666667
human,mlpnet,de,recall,sub-015,3,58.666666666666664
human,mlpnet,de,recall,sub-016,3,57.333333333333336
human,mlpnet,de,recall,sub-017,3,61.333333333333336
human,mlpnet,de,recall,sub-018,3,62.0
human,mlpnet,de,recall,sub-019,3,57.333333333333336
human,mlpnet,de,recall,sub-020,3,64.66666666666667
human,mlpnet,de,watch,sub-001,3,62.666666666666664
human,mlpnet,de,watch,sub-002,3,64.66666666666667
human,mlpnet,de,watch,sub-003,3,56.666666666666664
human,mlpnet,de,watch,sub-004,3,58.0
human,mlpnet,de,watch,sub-005,3,56.666666666666664
human,mlpnet,de,watch,sub-006,3,62.666666666666664
human,mlpnet,de,watch,sub-007,3,60.0
human,mlpnet,de,watch,sub-008,3,59.333333333333336
human,mlpnet,de,watch,sub-009,3,57.333333333333336
human,mlpnet,de,watch,sub-010,3,61.333333333333336
human,mlpnet,de,watch,sub-011,3,61.333333333333336
human,mlpnet,de,watch,sub-012,3,62.0
human,mlpnet,de,watch,sub-013,3,62.0
human,mlpnet,de,watch,sub-014,3,62.0
human,mlpnet,de,watch,sub-015,3,62.0
human,mlpnet,de,watch,sub-016,3,54.0
human,mlpnet,de,watch,sub-017,3,54.666666666666664
human,mlpnet,de,watch,sub-018,3,61.333333333333336
human,mlpnet,de,watch,sub-019,3,60.0
human,mlpnet,de,watch,sub-020,3,61.333333333333336
human,mlpnet,psd,recall,sub-001,3,58.666666666666664
human,mlpnet,psd,recall,sub-002,3,59.333333333333336
human,mlpnet,psd,recall,sub-003,3,57.333333333333336
human,mlpnet,psd,recall,sub-004,3,56.666666666666664
human,mlpnet,psd,recall,sub-005,3,53.333333333333336
human,mlpnet,psd,recall,sub-006,3,59.333333333333336
human,mlpnet,psd,recall,sub-007,3,56.0
human,mlpnet,psd,recall,sub-008,3,54.666666666666664
human,mlpnet,psd,recall,sub-009,3,54.0
human,mlpnet,psd,recall,sub-010,3,56.666666666666664
human,mlpnet,psd,recall,sub-011,3,54.666666666666664
human,mlpnet,psd,recall,sub-012,3,60.666666666666664
human,mlpnet,psd,recall,sub-013,3,60.0
human,mlpnet,psd,recall,sub-014,3,60.0
human,mlpnet,psd,recall,sub-015,3,58.666666666666664
human,mlpnet,psd,recall,sub-016,3,53.333333333333336
human,mlpnet,psd,recall,sub-017,3,58.0
human,mlpnet,psd,recall,sub-018,3,58.666666666666664
human,mlpnet,psd,recall,sub-019,3,54.0
human,mlpnet,psd,recall,sub-020,3,60.666666666666664
human,mlpnet,psd,watch,sub-001,3,62.0
human,mlpnet,psd,watch,sub-002,3,64.0
human,mlpnet,psd,watch,sub-003,3,60.666666666666664
human,mlpnet,psd,watch,sub-004,3,56.666666666666664
human,mlpnet,psd,watch,sub-005,3,53.333333333333336
human,mlpnet,psd,watch,sub-006,3,62.666666666666664
human,mlpnet,psd,watch,sub-007,3,58.666666666666664
human,mlpnet,psd,watch,sub-008,3,60.666666666666664
human,mlpnet,psd,watch,sub-009,3,55.333333333333336
human,mlpnet,psd,watch,sub-010,3,54.0
human,mlpnet,psd,watch,sub-011,3,58.0
human,mlpnet,psd,watch,sub-012,3,63.333333333333336
human,mlpnet,psd,watch,sub-013,3,56.666666666666664
human,mlpnet,psd,watch,sub-014,3,60.0
human,mlpnet,psd,watch,sub-015,3,62.0
human,mlpnet,psd,watch,sub-016,3,56.0
human,mlpnet,psd,watch,sub-017,3,57.333333333333336
human,mlpnet,psd,watch,sub-018,3,58.0
human,mlpnet,psd,watch,sub-019,3,56.666666666666664
human,mlpnet,psd,watch,sub-020,3,62.666666666666664
human,shallownet,raw,recall,sub-001,3,60.0
human,shallownet,raw,recall,sub-002,3,65.33333333333333
human,shallownet,raw,recall,sub-003,3,55.333333333333336
human,shallownet,raw,recall,sub-004,3,57.333333333333336
human,shallownet,raw,recall,sub-005,3,60.666666666666664
human,shallownet,raw,recall,sub-006,3,62.666666666666664
human,shallownet,raw,recall,sub-007,3,60.0
human,shallownet,raw,recall,sub-008,3,59.333333333333336
human,shallownet,raw,recall,sub-009,3,56.0
human,shallownet,raw,recall,sub-010,3,54.0
human,shallownet,raw,recall,sub-011,3,56.666666666666664
human,shallownet,raw,recall,sub-012,3,58.666666666666664
human,shallownet,raw,recall,sub-013,3,65.33333333333333
human,shallownet,raw,recall,sub-014,3,64.66666666666667
human,shallownet,raw,recall,sub-015,3,57.333333333333336
human,shallownet,raw,recall,sub-016,3,64.0
human,shallownet,raw,recall,sub-017,3,64.66666666666667
human,shallownet,raw,recall,sub-018,3,56.0
human,shallownet,raw,recall,sub-019,3,61.333333333333336
human,shallownet,raw,recall,sub-020,3,64.66666666666667
human,shallownet,raw,watch,sub-001,3,60.666666666666664
human,shallownet,raw,watch,sub-002,3,63.333333333333336
human,shallownet,raw,watch,sub-003,3,54.666666666666664
human,shallownet,raw,watch,sub-004,3,56.666666666666664
human,shallownet,raw,watch,sub-005,3,61.333333333333336
human,shallownet,raw,watch,sub-006,3,61.333333333333336
human,shallownet,raw,watch,sub-007,3,66.0
human,shallownet,raw,watch,sub-008,3,64.0
human,shallownet,raw,watch,sub-009,3,58.0
human,shallownet,raw,watch,sub-010,3,64.0
human,shallownet,raw,watch,sub-011,3,58.666666666666664
human,shallownet,raw,watch,sub-012,3,56.666666666666664
human,shallownet,raw,watch,sub-013,3,64.66666666666667
human,shallownet,raw,watch,sub-014,3,55.333333333333336
human,shallownet,raw,watch,sub-015,3,58.666666666666664
human,shallownet,raw,watch,sub-016,3,57.333333333333336
human,shallownet,raw,watch,sub-017,3,56.666666666666664
human,shallownet,raw,watch,sub-018,3,60.666666666666664
human,shallownet,raw,watch,sub-019,3,60.0
human,shallownet,raw,watch,sub-020,3,60.0
human,svm,raw,recall,sub-001,3,51.333333333333336
human,svm,raw,recall,sub-002,3,51.333333333333336
human,svm,raw,recall,sub-003,3,50.666666666666664
human,svm,raw,recall,sub-004,3,53.333333333333336
human,svm,raw,recall,sub-005,3,49.333333333333336
human,svm,raw,recall,sub-006,3,49.333333333333336
human,svm,raw,recall,sub-007,3,51.333333333333336
human,svm,raw,recall,sub-008,3,50.0
human,svm,raw,recall,sub-009,3,54.0
human,svm,raw,recall,sub-010,3,52.0
human,svm,raw,recall,sub-011,3,52.666666666666664
human,svm,raw,recall,sub-012,3,53.333333333333336
human,svm,raw,recall,sub-013,3,50.666666666666664
human,svm,raw,recall,sub-014,3,48.666666666666664
human,svm,raw,recall,sub-015,3,52.666666666666664
human,svm,raw,recall,sub-016,3,50.666666666666664
human,svm,raw,recall,sub-017,3,47.333333333333336
human,svm,raw,recall,sub-018,3,48.0
human,svm,raw,recall,sub-019,3,50.0
human,svm,raw,recall,sub-020,3,52.0
human,svm,raw,watch,sub-001,3,46.666666666666664
human,svm,raw,watch,sub-002,3,50.666666666666664
human,svm,raw,watch,sub-003,3,57.333333333333336
human,svm,raw,watch,sub-004,3,46.0
human,svm,raw,watch,sub-005,3,52.0
human,svm,raw,watch,sub-006,3,50.666666666666664
human,svm,raw,watch,sub-007,3,50.0
human,svm,raw,watch,sub-008,3,51.333333333333336
human,svm,raw,watch,sub-009,3,47.333333333333336
human,svm,raw,watch,sub-010,3,49.333333333333336
human,svm,raw,watch,sub-011,3,60.0
human,svm,raw,watch,sub-012,3,48.0
human,svm,raw,watch,sub-013,3,44.666666666666664
human,svm,raw,watch,sub-014,3,52.0
human,svm,raw,watch,sub-015,3,48.666666666666664
human,svm,raw,watch,sub-016,3,58.0
human,svm,raw,watch,sub-017,3,46.0
human,svm,raw,watch,sub-018,3,52.0
human,svm,raw,watch,sub-019,3,52.666666666666664
human,svm,raw,watch,sub-020,3,60.0
human,tsconv,raw,recall,sub-001,3,53.333333333333336
human,tsconv,raw,recall,sub-002,3,63.333333333333336
human,tsconv,raw,recall,sub-003,3,59.333333333333336
human,tsconv,raw,recall,sub-004,3,62.666666666666664
human,tsconv,raw,recall,sub-005,3,58.0
human,tsconv,raw,recall,sub-006,3,58.0
human,tsconv,raw,recall,sub-007,3,58.666666666666664
human,tsconv,raw,recall,sub-008,3,58.666666666666664
human,tsconv,raw,recall,sub-009,3,61.333333333333336
human,tsconv,raw,recall,sub-010,3,60.0
human,tsconv,raw,recall,sub-011,3,60.666666666666664
human,tsconv,raw,recall,sub-012,3,58.666666666666664
human,tsconv,raw,recall,sub-013,3,58.0
human,tsconv,raw,recall,sub-014,3,66.0
human,tsconv,raw,recall,sub-015,3,56.0
human,tsconv,raw,recall,sub-016,3,59.333333333333336
human,tsconv,raw,recall,sub-017,3,60.0
human,tsconv,raw,recall,sub-018,3,58.666666666666664
human,tsconv,raw,recall,sub-019,3,59.333333333333336
human,tsconv,raw,recall,sub-020,3,66.0
human,tsconv,raw,watch,sub-001,3,64.0
human,tsconv,raw,watch,sub-002,3,62.666666666666664
human,tsconv,raw,watch,sub-003,3,58.0
human,tsconv,raw,watch,sub-004,3,59.333333333333336
human,tsconv,raw,watch,sub-005,3,54.666666666666664
human,tsconv,raw,watch,sub-006,3,60.0
human,tsconv,raw,watch,sub-007,3,62.0
human,tsconv,raw,watch,sub-008,3,58.666666666666664
human,tsconv,raw,watch,sub-009,3,64.0
human,tsconv,raw,watch,sub-010,3,58.0
human,tsconv,raw,watch,sub-011,3,63.333333333333336
human,tsconv,raw,watch,sub-012,3,53.333333333333336
human,tsconv,raw,watch,sub-013,3,60.0
human,tsconv,raw,watch,sub-014,3,54.666666666666664
human,tsconv,raw,watch,sub-015,3,57.333333333333336
human,tsconv,raw,watch,sub-016,3,55.333333333333336
human,tsconv,raw,watch,sub-017,3,59.333333333333336
human,tsconv,raw,watch,sub-018,3,60.666666666666664
human,tsconv,raw,watch,sub-019,3,61.333333333333336
human,tsconv,raw,watch,sub-020,3,60.666666666666664
number,GCN_LSTM,raw,recall,sub-001,3,52.0
number,GCN_LSTM,raw,recall,sub-002,3,51.333333333333336
number,GCN_LSTM,raw,recall,sub-003,3,50.0
number,GCN_LSTM,raw,recall,sub-004,3,51.333333333333336
number,GCN_LSTM,raw,recall,sub-005,3,52.666666666666664
number,GCN_LSTM,raw,recall,sub-006,3,49.333333333333336
number,GCN_LSTM,raw,recall,sub-007,3,44.0
number,GCN_LSTM,raw,recall,sub-008,3,48.0
number,GCN_LSTM,raw,recall,sub-009,3,50.0
number,GCN_LSTM,raw,recall,sub-010,3,48.666666666666664
number,GCN_LSTM,raw,recall,sub-011,3,46.666666666666664
number,GCN_LSTM,raw,recall,sub-012,3,42.666666666666664
number,GCN_LSTM,raw,recall,sub-013,3,51.333333333333336
number,GCN_LSTM,raw,recall,sub-014,3,43.333333333333336
number,GCN_LSTM,raw,recall,sub-015,3,44.0
number,GCN_LSTM,raw,recall,sub-016,3,52.666666666666664
number,GCN_LSTM,raw,recall,sub-017,3,47.333333333333336
number,GCN_LSTM,raw,recall,sub-018,3,51.333333333333336
number,GCN_LSTM,raw,recall,sub-019,3,49.333333333333336
number,GCN_LSTM,raw,recall,sub-020,3,46.0
number,GCN_LSTM,raw,watch,sub-001,3,49.333333333333336
number,GCN_LSTM,raw,watch,sub-002,3,52.0
number,GCN_LSTM,raw,watch,sub-003,3,49.333333333333336
number,GCN_LSTM,raw,watch,sub-004,3,51.333333333333336
number,GCN_LSTM,raw,watch,sub-005,3,50.0
number,GCN_LSTM,raw,watch,sub-006,3,42.666666666666664
number,GCN_LSTM,raw,watch,sub-007,3,46.0
number,GCN_LSTM,raw,watch,sub-008,3,50.666666666666664
number,GCN_LSTM,raw,watch,sub-009,3,44.0
number,GCN_LSTM,raw,watch,sub-010,3,48.0
number,GCN_LSTM,raw,watch,sub-011,3,50.0
number,GCN_LSTM,raw,watch,sub-012,3,44.0
number,GCN_LSTM,raw,watch,sub-013,3,47.333333333333336
number,GCN_LSTM,raw,watch,sub-014,3,52.0
number,GCN_LSTM,raw,watch,sub-015,3,48.666666666666664
number,GCN_LSTM,raw,watch,sub-016,3,47.333333333333336
number,GCN_LSTM,raw,watch,sub-017,3,51.333333333333336
number,GCN_LSTM,raw,watch,sub-018,3,49.333333333333336
number,GCN_LSTM,raw,watch,sub-019,3,51.333333333333336
number,GCN_LSTM,raw,watch,sub-020,3,48.0
number,conformer,raw,recall,sub-001,3,51.333333333333336
number,conformer,raw,recall,sub-002,3,50.666666666666664
number,conformer,raw,recall,sub-003,3,42.0
number,conformer,raw,recall,sub-004,3,45.333333333333336
number,conformer,raw,recall,sub-005,3,50.0
number,conformer,raw,recall,sub-006,3,44.666666666666664
number,conformer,raw,recall,sub-007,3,46.0
number,conformer,raw,recall,sub-008,3,46.666666666666664
number,conformer,raw,recall,sub-009,3,48.0
number,conformer,raw,recall,sub-010,3,44.666666666666664
number,conformer,raw,recall,sub-011,3,50.666666666666664
number,conformer,raw,recall,sub-012,3,48.666666666666664
number,conformer,raw,recall,sub-013,3,44.666666666666664
number,conformer,raw,recall,sub-014,3,54.666666666666664
number,conformer,raw,recall,sub-015,3,44.0
number,conformer,raw,recall,sub-016,3,48.666666666666664
number,conformer,raw,recall,sub-017,3,48.0
number,conformer,raw,recall,sub-018,3,48.0
number,conformer,raw,recall,sub-019,3,51.333333333333336
number,conformer,raw,recall,sub-020,3,48.666666666666664
number,conformer,raw,watch,sub-001,3,48.0
number,conformer,raw,watch,sub-002,3,54.0
number,conformer,raw,watch,sub-003,3,50.666666666666664
number,conformer,raw,watch,sub-004,3,48.666666666666664
number,conformer,raw,watch,sub-005,3,51.333333333333336
number,conformer,raw,watch,sub-006,3,47.333333333333336
number,conformer,raw,watch,sub-007,3,52.666666666666664
number,conformer,raw,watch,sub-008,3,46.0
number,conformer,raw,watch,sub-009,3,47.333333333333336
number,conformer,raw,watch,sub-010,3,41.333333333333336
number,conformer,raw,watch,sub-011,3,48.666666666666664
number,conformer,raw,watch,sub-012,3,48.666666666666664
number,conformer,raw,watch,sub-013,3,48.666666666666664
number,conformer,raw,watch,sub-014,3,52.666666666666664
number,conformer,raw,watch,sub-015,3,47.333333333333336
number,conformer,raw,watch,sub-016,3,50.0
number,conformer,raw,watch,sub-017,3,50.0
number,conformer,raw,watch,sub-018,3,50.666666666666664
number,conformer,raw,watch,sub-019,3,50.0
number,conformer,raw,watch,sub-020,3,48.666666666666664
number,deepnet,raw,recall,sub-001,3,49.333333333333336
number,deepnet,raw,recall,sub-002,3,41.333333333333336
number,deepnet,raw,recall,sub-003,3,45.333333333333336
number,deepnet,raw,recall,sub-004,3,50.666666666666664
number,deepnet,raw,recall,sub-005,3,46.666666666666664
number,deepnet,raw,recall,sub-006,3,45.333333333333336
number,deepnet,raw,recall,sub-007,3,48.0
number,deepnet,raw,recall,sub-008,3,48.0
number,deepnet,raw,recall,sub-009,3,46.0
number,deepnet,raw,recall,sub-010,3,48.666666666666664
number,deepnet,raw,recall,sub-011,3,45.333333333333336
number,deepnet,raw,recall,sub-012,3,47.333333333333336
number,deepnet,raw,recall,sub-013,3,40.666666666666664
number,deepnet,raw,recall,sub-014,3,54.0
number,deepnet,raw,recall,sub-015,3,42.0
number,deepnet,raw,recall,sub-016,3,48.0
number,deepnet,raw,recall,sub-017,3,46.666666666666664
number,deepnet,raw,recall,sub-018,3,38.666666666666664
number,deepnet,raw,recall,sub-019,3,49.333333333333336
number,deepnet,raw,recall,sub-020,3,42.666666666666664
number,deepnet,raw,watch,sub-001,3,47.333333333333336
number,deepnet,raw,watch,sub-002,3,50.0
number,deepnet,raw,watch,sub-003,3,44.666666666666664
number,deepnet,raw,watch,sub-004,3,46.0
number,deepnet,raw,watch,sub-005,3,46.0
number,deepnet,raw,watch,sub-006,3,46.0
number,deepnet,raw,watch,sub-007,3,46.0
number,deepnet,raw,watch,sub-008,3,45.333333333333336
number,deepnet,raw,watch,sub-009,3,42.666666666666664
number,deepnet,raw,watch,sub-010,3,45.333333333333336
number,deepnet,raw,watch,sub-011,3,45.333333333333336
number,deepnet,raw,watch,sub-012,3,48.0
number,deepnet,raw,watch,sub-013,3,45.333333333333336
number,deepnet,raw,watch,sub-014,3,46.0
number,deepnet,raw,watch,sub-015,3,41.333333333333336
number,deepnet,raw,watch,sub-016,3,53.333333333333336
number,deepnet,raw,watch,sub-017,3,50.666666666666664
number,deepnet,raw,watch,sub-018,3,47.333333333333336
number,deepnet,raw,watch,sub-019,3,43.333333333333336
number,deepnet,raw,watch,sub-020,3,48.666666666666664
number,eegnet,raw,recall,sub-001,3,48.0
number,eegnet,raw,recall,sub-002,3,48.666666666666664
number,eegnet,raw,recall,sub-003,3,44.666666666666664
number,eegnet,raw,recall,sub-004,3,44.0
number,eegnet,raw,recall,sub-005,3,48.0
number,eegnet,raw,recall,sub-006,3,43.333333333333336
number,eegnet,raw,recall,sub-007,3,46.0
number,eegnet,raw,recall,sub-008,3,44.666666666666664
number,eegnet,raw,recall,sub-009,3,44.666666666666664
number,eegnet,raw,recall,sub-010,3,46.0
number,eegnet,raw,recall,sub-011,3,47.333333333333336
number,eegnet,raw,recall,sub-012,3,44.0
number,eegnet,raw,recall,sub-013,3,51.333333333333336
number,eegnet,raw,recall,sub-014,3,40.666666666666664
number,eegnet,raw,recall,sub-015,3,47.333333333333336
number,eegnet,raw,recall,sub-016,3,41.333333333333336
number,eegnet,raw,recall,sub-017,3,44.666666666666664
number,eegnet,raw,recall,sub-018,3,48.666666666666664
number,eegnet,raw,recall,sub-019,3,43.333333333333336
number,eegnet,raw,recall,sub-020,3,46.666666666666664
number,eegnet,raw,watch,sub-001,3,44.666666666666664
number,eegnet,raw,watch,sub-002,3,52.0
number,eegnet,raw,watch,sub-003,3,45.333333333333336
number,eegnet,raw,watch,sub-004,3,44.0
number,eegnet,raw,watch,sub-005,3,49.333333333333336
number,eegnet,raw,watch,sub-006,3,40.666666666666664
number,eegnet,raw,watch,sub-007,3,48.0
number,eegnet,raw,watch,sub-008,3,47.333333333333336
number,eegnet,raw,watch,sub-009,3,44.0
number,eegnet,raw,watch,sub-010,3,49.333333333333336
number,eegnet,raw,watch,sub-011,3,46.0
number,eegnet,raw,watch,sub-012,3,48.666666666666664
number,eegnet,raw,watch,sub-013,3,39.333333333333336
number,eegnet,raw,watch,sub-014,3,47.333333333333336
number,eegnet,raw,watch,sub-015,3,46.666666666666664
number,eegnet,raw,watch,sub-016,3,47.333333333333336
number,eegnet,raw,watch,sub-017,3,42.0
number,eegnet,raw,watch,sub-018,3,44.666666666666664
number,eegnet,raw,watch,sub-019,3,50.0
number,eegnet,raw,watch,sub-020,3,42.0
number,glfnet,raw,recall,sub-001,3,54.666666666666664
number,glfnet,raw,recall,sub-002,3,43.333333333333336
number,glfnet,raw,recall,sub-003,3,42.0
number,glfnet,raw,recall,sub-004,3,48.0
number,glfnet,raw,recall,sub-005,3,41.333333333333336
number,glfnet,raw,recall,sub-006,3,44.666666666666664
number,glfnet,raw,recall,sub-007,3,51.333333333333336
number,glfnet,raw,recall,sub-008,3,42.0
number,glfnet,raw,recall,sub-009,3,41.333333333333336
number,glfnet,raw,recall,sub-010,3,44.0
number,glfnet,raw,recall,sub-011,3,46.0
number,glfnet,raw,recall,sub-012,3,46.0
number,glfnet,raw,recall,sub-013,3,46.666666666666664
number,glfnet,raw,recall,sub-014,3,50.666666666666664
number,glfnet,raw,recall,sub-015,3,48.0
number,glfnet,raw,recall,sub-016,3,44.666666666666664
number,glfnet,raw,recall,sub-017,3,42.0
number,glfnet,raw,recall,sub-018,3,40.666666666666664
number,glfnet,raw,recall,sub-019,3,42.0
number,glfnet,raw,recall,sub-020,3,41.333333333333336
number,glfnet,raw,watch,sub-001,3,45.333333333333336
number,glfnet,raw,watch,sub-002,3,47.333333333333336
number,glfnet,raw,watch,sub-003,3,39.333333333333336
number,glfnet,raw,watch,sub-004,3,48.0
number,glfnet,raw,watch,sub-005,3,48.0
number,glfnet,raw,watch,sub-006,3,54.666666666666664
number,glfnet,raw,watch,sub-007,3,43.333333333333336
number,glfnet,raw,watch,sub-008,3,47.333333333333336
number,glfnet,raw,watch,sub-009,3,48.666666666666664
number,glfnet,raw,watch,sub-010,3,48.0
number,glfnet,raw,watch,sub-011,3,49.333333333333336
number,glfnet,raw,watch,sub-012,3,50.0
number,glfnet,raw,watch,sub-013,3,48.0
number,glfnet,raw,watch,sub-014,3,45.333333333333336
number,glfnet,raw,watch,sub-015,3,48.666666666666664
number,glfnet,raw,watch,sub-016,3,48.0
number,glfnet,raw,watch,sub-017,3,46.0
number,glfnet,raw,watch,sub-018,3,42.666666666666664
number,glfnet,raw,watch,sub-019,3,39.333333333333336
number,glfnet,raw,watch,sub-020,3,50.0
number,glfnet_mlp,de,recall,sub-001,3,49.333333333333336
number,glfnet_mlp,de,recall,sub-002,3,47.333333333333336
number,glfnet_mlp,de,recall,sub-003,3,44.666666666666664
number,glfnet_mlp,de,recall,sub-004,3,54.0
number,glfnet_mlp,de,recall,sub-005,3,54.666666666666664
number,glfnet_mlp,de,recall,sub-006,3,48.0
number,glfnet_mlp,de,recall,sub-007,3,44.0
number,glfnet_mlp,de,recall,sub-008,3,46.0
number,glfnet_mlp,de,recall,sub-009,3,46.0
number,glfnet_mlp,de,recall,sub-010,3,49.333333333333336
number,glfnet_mlp,de,recall,sub-011,3,51.333333333333336
number,glfnet_mlp,de,recall,sub-012,3,42.666666666666664
number,glfnet_mlp,de,recall,sub-013,3,48.0
number,glfnet_mlp,de,recall,sub-014,3,45.333333333333336
number,glfnet_mlp,de,recall,sub-015,3,44.0
number,glfnet_mlp,de,recall,sub-016,3,48.666666666666664
number,glfnet_mlp,de,recall,sub-017,3,50.0
number,glfnet_mlp,de,recall,sub-018,3,48.0
number,glfnet_mlp,de,recall,sub-019,3,48.0
number,glfnet_mlp,de,recall,sub-020,3,45.333333333333336
number,glfnet_mlp,de,watch,sub-001,3,46.0
number,glfnet_mlp,de,watch,sub-002,3,48.0
number,glfnet_mlp,de,watch,sub-003,3,52.666666666666664
number,glfnet_mlp,de,watch,sub-004,3,50.666666666666664
number,glfnet_mlp,de,watch,sub-005,3,47.333333333333336
number,glfnet_mlp,de,watch,sub-006,3,46.0
number,glfnet_mlp,de,watch,sub-007,3,47.333333333333336
number,glfnet_mlp,de,watch,sub-008,3,50.666666666666664
number,glfnet_mlp,de,watch,sub-009,3,48.666666666666664
number,glfnet_mlp,de,watch,sub-010,3,51.333333333333336
number,glfnet_mlp,de,watch,sub-011,3,47.333333333333336
number,glfnet_mlp,de,watch,sub-012,3,47.333333333333336
number,glfnet_mlp,de,watch,sub-013,3,45.333333333333336
number,glfnet_mlp,de,watch,sub-014,3,51.333333333333336
number,glfnet_mlp,de,watch,sub-015,3,47.333333333333336
number,glfnet_mlp,de,watch,sub-016,3,53.333333333333336
number,glfnet_mlp,de,watch,sub-017,3,48.0
number,glfnet_mlp,de,watch,sub-018,3,50.666666666666664
number,glfnet_mlp,de,watch,sub-019,3,48.0
number,glfnet_mlp,de,watch,sub-020,3,45.333333333333336
number,glfnet_mlp,psd,recall,sub-001,3,40.666666666666664
number,glfnet_mlp,psd,recall,sub-002,3,44.666666666666664
number,glfnet_mlp,psd,recall,sub-003,3,41.333333333333336
number,glfnet_mlp,psd,recall,sub-004,3,43.333333333333336
number,glfnet_mlp,psd,recall,sub-005,3,54.0
number,glfnet_mlp,psd,recall,sub-006,3,49.333333333333336
number,glfnet_mlp,psd,recall,sub-007,3,46.0
number,glfnet_mlp,psd,recall,sub-008,3,50.666666666666664
number,glfnet_mlp,psd,recall,sub-009,3,44.0
number,glfnet_mlp,psd,recall,sub-010,3,42.666666666666664
number,glfnet_mlp,psd,recall,sub-011,3,43.333333333333336
number,glfnet_mlp,psd,recall,sub-012,3,43.333333333333336
number,glfnet_mlp,psd,recall,sub-013,3,45.333333333333336
number,glfnet_mlp,psd,recall,sub-014,3,54.0
number,glfnet_mlp,psd,recall,sub-015,3,41.333333333333336
number,glfnet_mlp,psd,recall,sub-016,3,44.666666666666664
number,glfnet_mlp,psd,recall,sub-017,3,50.0
number,glfnet_mlp,psd,recall,sub-018,3,46.666666666666664
number,glfnet_mlp,psd,recall,sub-019,3,46.666666666666664
number,glfnet_mlp,psd,recall,sub-020,3,54.0
number,glfnet_mlp,psd,watch,sub-001,3,49.333333333333336
number,glfnet_mlp,psd,watch,sub-002,3,48.666666666666664
number,glfnet_mlp,psd,watch,sub-003,3,49.333333333333336
number,glfnet_mlp,psd,watch,sub-004,3,52.0
number,glfnet_mlp,psd,watch,sub-005,3,50.666666666666664
number,glfnet_mlp,psd,watch,sub-006,3,43.333333333333336
number,glfnet_mlp,psd,watch,sub-007,3,42.0
number,glfnet_mlp,psd,watch,sub-008,3,50.666666666666664
number,glfnet_mlp,psd,watch,sub-009,3,46.0
number,glfnet_mlp,psd,watch,sub-010,3,50.666666666666664
number,glfnet_mlp,psd,watch,sub-011,3,48.0
number,glfnet_mlp,psd,watch,sub-012,3,40.0
number,glfnet_mlp,psd,watch,sub-013,3,46.0
number,glfnet_mlp,psd,watch,sub-014,3,45.333333333333336
number,glfnet_mlp,psd,watch,sub-015,3,44.0
number,glfnet_mlp,psd,watch,sub-016,3,48.0
number,glfnet_mlp,psd,watch,sub-017,3,52.0
number,glfnet_mlp,psd,watch,sub-018,3,48.0
number,glfnet_mlp,psd,watch,sub-019,3,45.333333333333336
number,glfnet_mlp,psd,watch,sub-020,3,43.333333333333336
number,mlpnet,de,recall,sub-001,3,51.333333333333336
number,mlpnet,de,recall,sub-002,3,46.666666666666664
number,mlpnet,de,recall,sub-003,3,48.666666666666664
number,mlpnet,de,recall,sub-004,3,54.0
number,mlpnet,de,recall,sub-005,3,55.333333333333336
number,mlpnet,de,recall,sub-006,3,48.0
number,mlpnet,de,recall,sub-007,3,43.333333333333336
number,mlpnet,de,recall,sub-008,3,45.333333333333336
number,mlpnet,de,recall,sub-009,3,45.333333333333336
number,mlpnet,de,recall,sub-010,3,48.0
number,mlpnet,de,recall,sub-011,3,50.666666666666664
number,mlpnet,de,recall,sub-012,3,42.666666666666664
number,mlpnet,de,recall,sub-013,3,47.333333333333336
number,mlpnet,de,recall,sub-014,3,42.0
number,mlpnet,de,recall,sub-015,3,44.0
number,mlpnet,de,recall,sub-016,3,48.0
number,mlpnet,de,recall,sub-017,3,52.666666666666664
number,mlpnet,de,recall,sub-018,3,47.333333333333336
number,mlpnet,de,recall,sub-019,3,47.333333333333336
number,mlpnet,de,recall,sub-020,3,44.666666666666664
number,mlpnet,de,watch,sub-001,3,46.0
number,mlpnet,de,watch,sub-002,3,51.333333333333336
number,mlpnet,de,watch,sub-003,3,51.333333333333336
number,mlpnet,de,watch,sub-004,3,50.666666666666664
number,mlpnet,de,watch,sub-005,3,48.0
number,mlpnet,de,watch,sub-006,3,41.333333333333336
number,mlpnet,de,watch,sub-007,3,44.0
number,mlpnet,de,watch,sub-008,3,50.0
number,mlpnet,de,watch,sub-009,3,47.333333333333336
number,mlpnet,de,watch,sub-010,3,52.0
number,mlpnet,de,watch,sub-011,3,46.666666666666664
number,mlpnet,de,watch,sub-012,3,47.333333333333336
number,mlpnet,de,watch,sub-013,3,46.0
number,mlpnet,de,watch,sub-014,3,50.666666666666664
number,mlpnet,de,watch,sub-015,3,50.0
number,mlpnet,de,watch,sub-016,3,49.333333333333336
number,mlpnet,de,watch,sub-017,3,48.0
number,mlpnet,de,watch,sub-018,3,50.0
number,mlpnet,de,watch,sub-019,3,47.333333333333336
number,mlpnet,de,watch,sub-020,3,44.666666666666664
number,mlpnet,psd,recall,sub-001,3,46.0
number,mlpnet,psd,recall,sub-002,3,49.333333333333336
number,mlpnet,psd,recall,sub-003,3,46.0
number,mlpnet,psd,recall,sub-004,3,50.666666666666664
number,mlpnet,psd,recall,sub-005,3,51.333333333333336
number,mlpnet,psd,recall,sub-006,3,44.0
number,mlpnet,psd,recall,sub-007,3,42.666666666666664
number,mlpnet,psd,recall,sub-008,3,51.333333333333336
number,mlpnet,psd,recall,sub-009,3,46.666666666666664
number,mlpnet,psd,recall,sub-010,3,49.333333333333336
number,mlpnet,psd,recall,sub-011,3,44.0
number,mlpnet,psd,recall,sub-012,3,39.333333333333336
number,mlpnet,psd,recall,sub-013,3,44.666666666666664
number,mlpnet,psd,recall,sub-014,3,42.0
number,mlpnet,psd,recall,sub-015,3,43.333333333333336
number,mlpnet,psd,recall,sub-016,3,48.0
number,mlpnet,psd,recall,sub-017,3,50.666666666666664
number,mlpnet,psd,recall,sub-018,3,46.666666666666664
number,mlpnet,psd,recall,sub-019,3,44.666666666666664
number,mlpnet,psd,recall,sub-020,3,41.333333333333336
number,mlpnet,psd,watch,sub-001,3,50.666666666666664
number,mlpnet,psd,watch,sub-002,3,48.666666666666664
number,mlpnet,psd,watch,sub-003,3,49.333333333333336
number,mlpnet,psd,watch,sub-004,3,50.666666666666664
number,mlpnet,psd,watch,sub-005,3,50.0
number,mlpnet,psd,watch,sub-006,3,44.0
number,mlpnet,psd,watch,sub-007,3,42.0
number,mlpnet,psd,watch,sub-008,3,47.333333333333336
number,mlpnet,psd,watch,sub-009,3,44.0
number,mlpnet,psd,watch,sub-010,3,51.333333333333336
number,mlpnet,psd,watch,sub-011,3,47.333333333333336
number,mlpnet,psd,watch,sub-012,3,40.0
number,mlpnet,psd,watch,sub-013,3,44.666666666666664
number,mlpnet,psd,watch,sub-014,3,44.666666666666664
number,mlpnet,psd,watch,sub-015,3,44.0
number,mlpnet,psd,watch,sub-016,3,46.666666666666664
number,mlpnet,psd,watch,sub-017,3,52.0
number,mlpnet,psd,watch,sub-018,3,48.0
number,mlpnet,psd,watch,sub-019,3,44.666666666666664
number,mlpnet,psd,watch,sub-020,3,44.666666666666664
number,shallownet,raw,recall,sub-001,3,49.333333333333336
number,shallownet,raw,recall,sub-002,3,45.333333333333336
number,shallownet,raw,recall,sub-003,3,42.0
number,shallownet,raw,recall,sub-004,3,47.333333333333336
number,shallownet,raw,recall,sub-005,3,41.333333333333336
number,shallownet,raw,recall,sub-006,3,45.333333333333336
number,shallownet,raw,recall,sub-007,3,50.0
number,shallownet,raw,recall,sub-008,3,42.666666666666664
number,shallownet,raw,recall,sub-009,3,43.333333333333336
number,shallownet,raw,recall,sub-010,3,40.0
number,shallownet,raw,recall,sub-011,3,49.333333333333336
number,shallownet,raw,recall,sub-012,3,47.333333333333336
number,shallownet,raw,recall,sub-013,3,42.666666666666664
number,shallownet,raw,recall,sub-014,3,48.666666666666664
number,shallownet,raw,recall,sub-015,3,47.333333333333336
number,shallownet,raw,recall,sub-016,3,44.666666666666664
number,shallownet,raw,recall,sub-017,3,44.0
number,shallownet,raw,recall,sub-018,3,41.333333333333336
number,shallownet,raw,recall,sub-019,3,39.333333333333336
number,shallownet,raw,recall,sub-020,3,42.666666666666664
number,shallownet,raw,watch,sub-001,3,44.0
number,shallownet,raw,watch,sub-002,3,50.666666666666664
number,shallownet,raw,watch,sub-003,3,40.0
number,shallownet,raw,watch,sub-004,3,40.0
number,shallownet,raw,watch,sub-005,3,50.0
number,shallownet,raw,watch,sub-006,3,46.666666666666664
number,shallownet,raw,watch,sub-007,3,44.666666666666664
number,shallownet,raw,watch,sub-008,3,46.0
number,shallownet,raw,watch,sub-009,3,45.333333333333336
number,shallownet,raw,watch,sub-010,3,47.333333333333336
number,shallownet,raw,watch,sub-011,3,52.0
number,shallownet,raw,watch,sub-012,3,46.666666666666664
number,shallownet,raw,watch,sub-013,3,47.333333333333336
number,shallownet,raw,watch,sub-014,3,43.333333333333336
number,shallownet,raw,watch,sub-015,3,44.666666666666664
number,shallownet,raw,watch,sub-016,3,51.333333333333336
number,shallownet,raw,watch,sub-017,3,42.0
number,shallownet,raw,watch,sub-018,3,44.0
number,shallownet,raw,watch,sub-019,3,38.666666666666664
number,shallownet,raw,watch,sub-020,3,45.333333333333336
number,svm,raw,recall,sub-001,3,36.0
number,svm,raw,recall,sub-002,3,35.333333333333336
number,svm,raw,recall,sub-003,3,38.0
number,svm,raw,recall,sub-004,3,34.666666666666664
number,svm,raw,recall,sub-005,3,42.0
number,svm,raw,recall,sub-006,3,42.666666666666664
number,svm,raw,recall,sub-007,3,32.0
number,svm,raw,recall,sub-008,3,34.0
number,svm,raw,recall,sub-009,3,40.0
number,svm,raw,recall,sub-010,3,32.0
number,svm,raw,recall,sub-011,3,31.333333333333332
number,svm,raw,recall,sub-012,3,32.0
number,svm,raw,recall,sub-013,3,36.0
number,svm,raw,recall,sub-014,3,40.666666666666664
number,svm,raw,recall,sub-015,3,36.0
number,svm,raw,recall,sub-016,3,35.333333333333336
number,svm,raw,recall,sub-017,3,40.0
number,svm,raw,recall,sub-018,3,29.333333333333332
number,svm,raw,recall,sub-019,3,42.666666666666664
number,svm,raw,recall,sub-020,3,38.666666666666664
number,svm,raw,watch,sub-001,3,36.0
number,svm,raw,watch,sub-002,3,37.333333333333336
number,svm,raw,watch,sub-003,3,34.0
number,svm,raw,watch,sub-004,3,36.666666666666664
number,svm,raw,watch,sub-005,3,38.0
number,svm,raw,watch,sub-006,3,38.0
number,svm,raw,watch,sub-007,3,40.0
number,svm,raw,watch,sub-008,3,32.666666666666664
number,svm,raw,watch,sub-009,3,33.333333333333336
number,svm,raw,watch,sub-010,3,37.333333333333336
number,svm,raw,watch,sub-011,3,34.666666666666664
number,svm,raw,watch,sub-012,3,42.0
number,svm,raw,watch,sub-013,3,38.0
number,svm,raw,watch,sub-014,3,40.0
number,svm,raw,watch,sub-015,3,36.666666666666664
number,svm,raw,watch,sub-016,3,39.333333333333336
number,svm,raw,watch,sub-017,3,33.333333333333336
number,svm,raw,watch,sub-018,3,36.0
number,svm,raw,watch,sub-019,3,32.0
number,svm,raw,watch,sub-020,3,33.333333333333336
number,tsconv,raw,recall,sub-001,3,44.666666666666664
number,tsconv,raw,recall,sub-002,3,46.666666666666664
number,tsconv,raw,recall,sub-003,3,40.666666666666664
number,tsconv,raw,recall,sub-004,3,44.0
number,tsconv,raw,recall,sub-005,3,48.0
number,tsconv,raw,recall,sub-006,3,44.0
number,tsconv,raw,recall,sub-007,3,52.666666666666664
number,tsconv,raw,recall,sub-008,3,39.333333333333336
number,tsconv,raw,recall,sub-009,3,47.333333333333336
number,tsconv,raw,recall,sub-010,3,46.666666666666664
number,tsconv,raw,recall,sub-011,3,46.0
number,tsconv,raw,recall,sub-012,3,38.666666666666664
number,tsconv,raw,recall,sub-013,3,42.0
number,tsconv,raw,recall,sub-014,3,40.666666666666664
number,tsconv,raw,recall,sub-015,3,42.666666666666664
number,tsconv,raw,recall,sub-016,3,45.333333333333336
number,tsconv,raw,recall,sub-017,3,49.333333333333336
number,tsconv,raw,recall,sub-018,3,40.0
number,tsconv,raw,recall,sub-019,3,42.666666666666664
number,tsconv,raw,recall,sub-020,3,42.0
number,tsconv,raw,watch,sub-001,3,50.0
number,tsconv,raw,watch,sub-002,3,48.0
number,tsconv,raw,watch,sub-003,3,44.666666666666664
number,tsconv,raw,watch,sub-004,3,44.0
number,tsconv,raw,watch,sub-005,3,42.0
number,tsconv,raw,watch,sub-006,3,49.333333333333336
number,tsconv,raw,watch,sub-007,3,44.666666666666664
number,tsconv,raw,watch,sub-008,3,43.333333333333336
number,tsconv,raw,watch,sub-009,3,50.666666666666664
number,tsconv,raw,watch,sub-010,3,42.666666666666664
number,tsconv,raw,watch,sub-011,3,44.666666666666664
number,tsconv,raw,watch,sub-012,3,47.333333333333336
number,tsconv,raw,watch,sub-013,3,44.0
number,tsconv,raw,watch,sub-014,3,44.0
number,tsconv,raw,watch,sub-015,3,44.0
number,tsconv,raw,watch,sub-016,3,49.333333333333336
number,tsconv,raw,watch,sub-017,3,48.0
number,tsconv,raw,watch,sub-018,3,44.0
number,tsconv,raw,watch,sub-019,3,40.666666666666664
number,tsconv,raw,watch,sub-020,3,45.333333333333336
state,GCN_LSTM,raw,full,sub-001,3,95.66666666666667
state,GCN_LSTM,raw,full,sub-002,3,99.33333333333333
state,GCN_LSTM,raw,full,sub-003,3,95.66666666666667
state,GCN_LSTM,raw,full,sub-004,3,96.66666666666667
state,GCN_LSTM,raw,full,sub-005,3,87.66666666666667
state,GCN_LSTM,raw,full,sub-006,3,97.33333333333333
state,GCN_LSTM,raw,full,sub-007,3,97.33333333333333
state,GCN_LSTM,raw,full,sub-008,3,95.33333333333333
state,GCN_LSTM,raw,full,sub-009,3,91.0
state,GCN_LSTM,raw,full,sub-010,3,98.66666666666667
state,GCN_LSTM,raw,full,sub-011,3,96.0
state,GCN_LSTM,raw,full,sub-012,3,99.33333333333333
state,GCN_LSTM,raw,full,sub-013,3,96.0
state,GCN_LSTM,raw,full,sub-014,3,95.33333333333333
state,GCN_LSTM,raw,full,sub-015,3,90.33333333333333
state,GCN_LSTM,raw,full,sub-016,3,94.0
state,GCN_LSTM,raw,full,sub-017,3,98.33333333333333
state,GCN_LSTM,raw,full,sub-018,3,98.33333333333333
state,GCN_LSTM,raw,full,sub-019,3,90.0
state,GCN_LSTM,raw,full,sub-020,3,98.0
state,GCN_LSTM,raw,without_alpha,sub-001,3,93.33333333333333
state,GCN_LSTM,raw,without_alpha,sub-002,3,98.66666666666667
state,GCN_LSTM,raw,without_alpha,sub-003,3,96.0
state,GCN_LSTM,raw,without_alpha,sub-004,3,93.66666666666667
state,GCN_LSTM,raw,without_alpha,sub-005,3,94.33333333333333
state,GCN_LSTM,raw,without_alpha,sub-006,3,97.66666666666667
state,GCN_LSTM,raw,without_alpha,sub-007,3,93.66666666666667
state,GCN_LSTM,raw,without_alpha,sub-008,3,95.66666666666667
state,GCN_LSTM,raw,without_alpha,sub-009,3,95.0
state,GCN_LSTM,raw,without_alpha,sub-010,3,95.33333333333333
state,GCN_LSTM,raw,without_alpha,sub-011,3,95.0
state,GCN_LSTM,raw,without_alpha,sub-012,3,99.33333333333333
state,GCN_LSTM,raw,without_alpha,sub-013,3,95.0
state,GCN_LSTM,raw,without_alpha,sub-014,3,96.0
state,GCN_LSTM,raw,without_alpha,sub-015,3,93.33333333333333
state,GCN_LSTM,raw,without_alpha,sub-016,3,97.0
state,GCN_LSTM,raw,without_alpha,sub-017,3,96.66666666666667
state,GCN_LSTM,raw,without_alpha,sub-018,3,93.33333333333333
state,GCN_LSTM,raw,without_alpha,sub-019,3,95.33333333333333
state,GCN_LSTM,raw,without_alpha,sub-020,3,97.0
state,conformer,raw,full,sub-001,3,97.0
state,conformer,raw,full,sub-002,3,97.33333333333333
state,conformer,raw,full,sub-003,3,97.33333333333333
state,conformer,raw,full,sub-004,3,99.33333333333333
state,conformer,raw,full,sub-005,3,93.33333333333333
state,conformer,raw,full,sub-006,3,95.0
state,conformer,raw,full,sub-007,3,96.33333333333333
state,conformer,raw,full,sub-008,3,85.33333333333333
state,conformer,raw,full,sub-009,3,96.0
state,conformer,raw,full,sub-010,3,98.33333333333333
state,conformer,raw,full,sub-011,3,92.66666666666667
state,conformer,raw,full,sub-012,3,97.33333333333333
state,conformer,raw,full,sub-013,3,94.66666666666667
state,conformer,raw,full,sub-014,3,95.0
state,conformer,raw,full,sub-015,3,96.66666666666667
state,conformer,raw,full,sub-016,3,88.66666666666667
state,conformer,raw,full,sub-017,3,91.0
state,conformer,raw,full,sub-018,3,97.33333333333333
state,conformer,raw,full,sub-019,3,94.33333333333333
state,conformer,raw,full,sub-020,3,98.33333333333333
state,conformer,raw,without_alpha,sub-001,3,95.66666666666667
state,conformer,raw,without_alpha,sub-002,3,92.66666666666667
state,conformer,raw,without_alpha,sub-003,3,96.0
state,conformer,raw,without_alpha,sub-004,3,98.33333333333333
state,conformer,raw,without_alpha,sub-005,3,94.33333333333333
state,conformer,raw,without_alpha,sub-006,3,94.33333333333333
state,conformer,raw,without_alpha,sub-007,3,98.33333333333333
state,conformer,raw,without_alpha,sub-008,3,84.33333333333333
state,conformer,raw,without_alpha,sub-009,3,97.33333333333333
state,conformer,raw,without_alpha,sub-010,3,98.0
state,conformer,raw,without_alpha,sub-011,3,94.33333333333333
state,conformer,raw,without_alpha,sub-012,3,93.66666666666667
state,conformer,raw,without_alpha,sub-013,3,94.66666666666667
state,conformer,raw,without_alpha,sub-014,3,95.66666666666667
state,conformer,raw,without_alpha,sub-015,3,93.66666666666667
state,conformer,raw,without_alpha,sub-016,3,89.66666666666667
state,conformer,raw,without_alpha,sub-017,3,87.33333333333333
state,conformer,raw,without_alpha,sub-018,3,91.33333333333333
state,conformer,raw,without_alpha,sub-019,3,91.0
state,conformer,raw,without_alpha,sub-020,3,97.0
state,deepnet,raw,full,sub-001,3,87.66666666666667
state,deepnet,raw,full,sub-002,3,94.33333333333333
state,deepnet,raw,full,sub-003,3,78.0
state,deepnet,raw,full,sub-004,3,89.66666666666667
state,deepnet,raw,full,sub-005,3,78.66666666666667
state,deepnet,raw,full,sub-006,3,83.33333333333333
state,deepnet,raw,full,sub-007,3,81.33333333333333
state,deepnet,raw,full,sub-008,3,84.33333333333333
state,deepnet,raw,full,sub-009,3,88.33333333333333
state,deepnet,raw,full,sub-010,3,88.33333333333333
state,deepnet,raw,full,sub-011,3,92.66666666666667
state,deepnet,raw,full,sub-012,3,89.66666666666667
state,deepnet,raw,full,sub-013,3,95.0
state,deepnet,raw,full,sub-014,3,66.66666666666667
state,deepnet,raw,full,sub-015,3,93.66666666666667
state,deepnet,raw,full,sub-016,3,75.0
state,deepnet,raw,full,sub-017,3,86.0
state,deepnet,raw,full,sub-018,3,85.66666666666667
state,deepnet,raw,full,sub-019,3,87.33333333333333
state,deepnet,raw,full,sub-020,3,69.66666666666667
state,deepnet,raw,without_alpha,sub-001,3,70.0
state,deepnet,raw,without_alpha,sub-002,3,92.66666666666667
state,deepnet,raw,without_alpha,sub-003,3,71.33333333333333
state,deepnet,raw,without_alpha,sub-004,3,80.33333333333333
state,deepnet,raw,without_alpha,sub-005,3,88.66666666666667
state,deepnet,raw,without_alpha,sub-006,3,64.66666666666667
state,deepnet,raw,without_alpha,sub-007,3,87.66666666666667
state,deepnet,raw,without_alpha,sub-008,3,84.0
state,deepnet,raw,without_alpha,sub-009,3,91.66666666666667
state,deepnet,raw,without_alpha,sub-010,3,75.66666666666667
state,deepnet,raw,without_alpha,sub-011,3,91.33333333333333
state,deepnet,raw,without_alpha,sub-012,3,83.66666666666667
state,deepnet,raw,without_alpha,sub-013,3,78.0
state,deepnet,raw,without_alpha,sub-014,3,65.66666666666667
state,deepnet,raw,without_alpha,sub-015,3,85.33333333333333
state,deepnet,raw,without_alpha,sub-016,3,72.66666666666667
state,deepnet,raw,without_alpha,sub-017,3,65.33333333333333
state,deepnet,raw,without_alpha,sub-018,3,61.0
state,deepnet,raw,without_alpha,sub-019,3,87.33333333333333
state,deepnet,raw,without_alpha,sub-020,3,87.66666666666667
state,eegnet,raw,full,sub-001,3,95.33333333333333
state,eegnet,raw,full,sub-002,3,97.0
state,eegnet,raw,full,sub-003,3,93.0
state,eegnet,raw,full,sub-004,3,98.33333333333333
state,eegnet,raw,full,sub-005,3,92.66666666666667
state,eegnet,raw,full,sub-006,3,94.33333333333333
state,eegnet,raw,full,sub-007,3,99.0
state,eegnet,raw,full,sub-008,3,89.0
state,eegnet,raw,full,sub-009,3,93.66666666666667
state,eegnet,raw,full,sub-010,3,96.33333333333333
state,eegnet,raw,full,sub-011,3,95.33333333333333
state,eegnet,raw,full,sub-012,3,99.0
state,eegnet,raw,full,sub-013,3,94.33333333333333
state,eegnet,raw,full,sub-014,3,93.0
state,eegnet,raw,full,sub-015,3,98.33333333333333
state,eegnet,raw,full,sub-016,3,86.33333333333333
state,eegnet,raw,full,sub-017,3,94.33333333333333
state,eegnet,raw,full,sub-018,3,99.0
state,eegnet,raw,full,sub-019,3,92.0
state,eegnet,raw,full,sub-020,3,97.33333333333333
state,eegnet,raw,without_alpha,sub-001,3,91.33333333333333
state,eegnet,raw,without_alpha,sub-002,3,99.33333333333333
state,eegnet,raw,without_alpha,sub-003,3,91.0
state,eegnet,raw,without_alpha,sub-004,3,94.66666666666667
state,eegnet,raw,without_alpha,sub-005,3,94.0
state,eegnet,raw,without_alpha,sub-006,3,84.66666666666667
state,eegnet,raw,without_alpha,sub-007,3,93.33333333333333
state,eegnet,raw,without_alpha,sub-008,3,87.0
state,eegnet,raw,without_alpha,sub-009,3,93.0
state,eegnet,raw,without_alpha,sub-010,3,94.0
state,eegnet,raw,without_alpha,sub-011,3,95.0
state,eegnet,raw,without_alpha,sub-012,3,97.33333333333333
state,eegnet,raw,without_alpha,sub-013,3,89.66666666666667
state,eegnet,raw,without_alpha,sub-014,3,91.66666666666667
state,eegnet,raw,without_alpha,sub-015,3,96.33333333333333
state,eegnet,raw,without_alpha,sub-016,3,85.66666666666667
state,eegnet,raw,without_alpha,sub-017,3,92.33333333333333
state,eegnet,raw,without_alpha,sub-018,3,95.66666666666667
state,eegnet,raw,without_alpha,sub-019,3,89.33333333333333
state,eegnet,raw,without_alpha,sub-020,3,95.33333333333333
state,glfnet,raw,full,sub-001,3,98.0
state,glfnet,raw,full,sub-002,3,99.66666666666667
state,glfnet,raw,full,sub-003,3,95.33333333333333
state,glfnet,raw,full,sub-004,3,99.66666666666667
state,glfnet,raw,full,sub-005,3,93.0
state,glfnet,raw,full,sub-006,3,96.33333333333333
state,glfnet,raw,full,sub-007,3,99.33333333333333
state,glfnet,raw,full,sub-008,3,89.33333333333333
state,glfnet,raw,full,sub-009,3,96.0
state,glfnet,raw,full,sub-010,3,99.33333333333333
state,glfnet,raw,full,sub-011,3,94.33333333333333
state,glfnet,raw,full,sub-012,3,98.33333333333333
state,glfnet,raw,full,sub-013,3,97.0
state,glfnet,raw,full,sub-014,3,93.66666666666667
state,glfnet,raw,full,sub-015,3,99.0
state,glfnet,raw,full,sub-016,3,91.66666666666667
state,glfnet,raw,full,sub-017,3,96.66666666666667
state,glfnet,raw,full,sub-018,3,99.33333333333333
state,glfnet,raw,full,sub-019,3,95.0
state,glfnet,raw,full,sub-020,3,99.33333333333333
state,glfnet,raw,without_alpha,sub-001,3,97.33333333333333
state,glfnet,raw,without_alpha,sub-002,3,99.0
state,glfnet,raw,without_alpha,sub-003,3,93.66666666666667
state,glfnet,raw,without_alpha,sub-004,3,96.66666666666667
state,glfnet,raw,without_alpha,sub-005,3,94.0
state,glfnet,raw,without_alpha,sub-006,3,93.66666666666667
state,glfnet,raw,without_alpha,sub-007,3,98.33333333333333
state,glfnet,raw,without_alpha,sub-008,3,88.0
state,glfnet,raw,without_alpha,sub-009,3,97.33333333333333
state,glfnet,raw,without_alpha,sub-010,3,97.0
state,glfnet,raw,without_alpha,sub-011,3,93.33333333333333
state,glfnet,raw,without_alpha,sub-012,3,97.66666666666667
state,glfnet,raw,without_alpha,sub-013,3,95.33333333333333
state,glfnet,raw,without_alpha,sub-014,3,92.33333333333333
state,glfnet,raw,without_alpha,sub-015,3,99.0
state,glfnet,raw,without_alpha,sub-016,3,88.0
state,glfnet,raw,without_alpha,sub-017,3,92.66666666666667
state,glfnet,raw,without_alpha,sub-018,3,98.0
state,glfnet,raw,without_alpha,sub-019,3,95.33333333333333
state,glfnet,raw,without_alpha,sub-020,3,97.66666666666667
state,glfnet_mlp,de,full,sub-001,3,99.0
state,glfnet_mlp,de,full,sub-002,3,98.0
state,glfnet_mlp,de,full,sub-003,3,99.33333333333333
state,glfnet_mlp,de,full,sub-004,3,99.66666666666667
state,glfnet_mlp,de,full,sub-005,3,99.66666666666667
state,glfnet_mlp,de,full,sub-006,3,99.33333333333333
state,glfnet_mlp,de,full,sub-007,3,98.66666666666667
state,glfnet_mlp,de,full,sub-008,3,96.33333333333333
state,glfnet_mlp,de,full,sub-009,3,99.0
state,glfnet_mlp,de,full,sub-010,3,98.0
state,glfnet_mlp,de,full,sub-011,3,99.0
state,glfnet_mlp,de,full,sub-012,3,100.0
state,glfnet_mlp,de,full,sub-013,3,96.0
state,glfnet_mlp,de,full,sub-014,3,98.33333333333333
state,glfnet_mlp,de,full,sub-015,3,99.0
state,glfnet_mlp,de,full,sub-016,3,96.33333333333333
state,glfnet_mlp,de,full,sub-017,3,98.0
state,glfnet_mlp,de,full,sub-018,3,99.33333333333333
state,glfnet_mlp,de,full,sub-019,3,99.0
state,glfnet_mlp,de,full,sub-020,3,99.66666666666667
state,glfnet_mlp,de,without_alpha,sub-001,3,98.66666666666667
state,glfnet_mlp,de,without_alpha,sub-002,3,97.33333333333333
state,glfnet_mlp,de,without_alpha,sub-003,3,98.66666666666667
state,glfnet_mlp,de,without_alpha,sub-004,3,100.0
state,glfnet_mlp,de,without_alpha,sub-005,3,100.0
state,glfnet_mlp,de,without_alpha,sub-006,3,98.66666666666667
state,glfnet_mlp,de,without_alpha,sub-007,3,98.33333333333333
state,glfnet_mlp,de,without_alpha,sub-008,3,96.66666666666667
state,glfnet_mlp,de,without_alpha,sub-009,3,98.66666666666667
state,glfnet_mlp,de,without_alpha,sub-010,3,98.33333333333333
state,glfnet_mlp,de,without_alpha,sub-011,3,99.33333333333333
state,glfnet_mlp,de,without_alpha,sub-012,3,99.66666666666667
state,glfnet_mlp,de,without_alpha,sub-013,3,93.0
state,glfnet_mlp,de,without_alpha,sub-014,3,99.0
state,glfnet_mlp,de,without_alpha,sub-015,3,99.66666666666667
state,glfnet_mlp,de,without_alpha,sub-016,3,97.66666666666667
state,glfnet_mlp,de,without_alpha,sub-017,3,97.33333333333333
state,glfnet_mlp,de,without_alpha,sub-018,3,98.33333333333333
state,glfnet_mlp,de,without_alpha,sub-019,3,98.0
state,glfnet_mlp,de,without_alpha,sub-020,3,99.33333333333333
state,glfnet_mlp,psd,full,sub-001,3,97.33333333333333
state,glfnet_mlp,psd,full,sub-002,3,95.33333333333333
state,glfnet_mlp,psd,full,sub-003,3,97.33333333333333
state,glfnet_mlp,psd,full,sub-004,3,98.66666666666667
state,glfnet_mlp,psd,full,sub-005,3,93.0
state,glfnet_mlp,psd,full,sub-006,3,94.0
state,glfnet_mlp,psd,full,sub-007,3,96.66666666666667
state,glfnet_mlp,psd,full,sub-008,3,85.0
state,glfnet_mlp,psd,full,sub-009,3,98.0
state,glfnet_mlp,psd,full,sub-010,3,99.0
state,glfnet_mlp,psd,full,sub-011,3,90.0
state,glfnet_mlp,psd,full,sub-012,3,98.0
state,glfnet_mlp,psd,full,sub-013,3,90.33333333333333
state,glfnet_mlp,psd,full,sub-014,3,94.66666666666667
state,glfnet_mlp,psd,full,sub-015,3,99.33333333333333
state,glfnet_mlp,psd,full,sub-016,3,96.33333333333333
state,glfnet_mlp,psd,full,sub-017,3,90.33333333333333
state,glfnet_mlp,psd,full,sub-018,3,99.0
state,glfnet_mlp,psd,full,sub-019,3,98.66666666666667
state,glfnet_mlp,psd,full,sub-020,3,98.66666666666667
state,glfnet_mlp,psd,without_alpha,sub-001,3,93.33333333333333
state,glfnet_mlp,psd,without_alpha,sub-002,3,91.66666666666667
state,glfnet_mlp,psd,without_alpha,sub-003,3,95.0
state,glfnet_mlp,psd,without_alpha,sub-004,3,95.33333333333333
state,glfnet_mlp,psd,without_alpha,sub-005,3,93.33333333333333
state,glfnet_mlp,psd,without_alpha,sub-006,3,92.33333333333333
state,glfnet_mlp,psd,without_alpha,sub-007,3,93.33333333333333
state,glfnet_mlp,psd,without_alpha,sub-008,3,82.66666666666667
state,glfnet_mlp,psd,without_alpha,sub-009,3,98.66666666666667
state,glfnet_mlp,psd,without_alpha,sub-010,3,97.0
state,glfnet_mlp,psd,without_alpha,sub-011,3,89.66666666666667
state,glfnet_mlp,psd,without_alpha,sub-012,3,97.33333333333333
state,glfnet_mlp,psd,without_alpha,sub-013,3,90.0
state,glfnet_mlp,psd,without_alpha,sub-014,3,94.0
state,glfnet_mlp,psd,without_alpha,sub-015,3,97.66666666666667
state,glfnet_mlp,psd,without_alpha,sub-016,3,96.33333333333333
state,glfnet_mlp,psd,without_alpha,sub-017,3,86.66666666666667
state,glfnet_mlp,psd,without_alpha,sub-018,3,87.33333333333333
state,glfnet_mlp,psd,without_alpha,sub-019,3,95.66666666666667
state,glfnet_mlp,psd,without_alpha,sub-020,3,97.33333333333333
state,mlpnet,de,full,sub-001,3,98.66666666666667
state,mlpnet,de,full,sub-002,3,97.66666666666667
state,mlpnet,de,full,sub-003,3,99.0
state,mlpnet,de,full,sub-004,3,100.0
state,mlpnet,de,full,sub-005,3,100.0
state,mlpnet,de,full,sub-006,3,99.33333333333333
state,mlpnet,de,full,sub-007,3,98.33333333333333
state,mlpnet,de,full,sub-008,3,97.33333333333333
state,mlpnet,de,full,sub-009,3,99.0
state,mlpnet,de,full,sub-010,3,98.66666666666667
state,mlpnet,de,full,sub-011,3,98.66666666666667
state,mlpnet,de,full,sub-012,3,99.66666666666667
state,mlpnet,de,full,sub-013,3,95.66666666666667
state,mlpnet,de,full,sub-014,3,99.0
state,mlpnet,de,full,sub-015,3,98.33333333333333
state,mlpnet,de,full,sub-016,3,96.0
state,mlpnet,de,full,sub-017,3,98.0
state,mlpnet,de,full,sub-018,3,99.33333333333333
state,mlpnet,de,full,sub-019,3,99.0
state,mlpnet,de,full,sub-020,3,99.66666666666667
state,mlpnet,de,without_alpha,sub-001,3,98.0
state,mlpnet,de,without_alpha,sub-002,3,97.33333333333333
state,mlpnet,de,without_alpha,sub-003,3,99.0
state,mlpnet,de,without_alpha,sub-004,3,99.66666666666667
state,mlpnet,de,without_alpha,sub-005,3,100.0
state,mlpnet,de,without_alpha,sub-006,3,99.0
state,mlpnet,de,without_alpha,sub-007,3,99.0
state,mlpnet,de,without_alpha,sub-008,3,95.66666666666667
state,mlpnet,de,without_alpha,sub-009,3,98.33333333333333
state,mlpnet,de,without_alpha,sub-010,3,98.0
state,mlpnet,de,without_alpha,sub-011,3,98.66666666666667
state,mlpnet,de,without_alpha,sub-012,3,100.0
state,mlpnet,de,without_alpha,sub-013,3,93.66666666666667
state,mlpnet,de,without_alpha,sub-014,3,99.66666666666667
state,mlpnet,de,without_alpha,sub-015,3,99.33333333333333
state,mlpnet,de,without_alpha,sub-016,3,96.33333333333333
state,mlpnet,de,without_alpha,sub-017,3,97.0
state,mlpnet,de,without_alpha,sub-018,3,98.66666666666667
state,mlpnet,de,without_alpha,sub-019,3,97.66666666666667
state,mlpnet,de,without_alpha,sub-020,3,99.0
state,mlpnet,psd,full,sub-001,3,96.33333333333333
state,mlpnet,psd,full,sub-002,3,94.66666666666667
state,mlpnet,psd,full,sub-003,3,97.66666666666667
state,mlpnet,psd,full,sub-004,3,98.66666666666667
state,mlpnet,psd,full,sub-005,3,93.66666666666667
state,mlpnet,psd,full,sub-006,3,93.33333333333333
state,mlpnet,psd,full,sub-007,3,95.33333333333333
state,mlpnet,psd,full,sub-008,3,86.33333333333333
state,mlpnet,psd,full,sub-009,3,98.33333333333333
state,mlpnet,psd,full,sub-010,3,98.33333333333333
state,mlpnet,psd,full,sub-011,3,89.66666666666667
state,mlpnet,psd,full,sub-012,3,97.66666666666667
state,mlpnet,psd,full,sub-013,3,90.66666666666667
state,mlpnet,psd,full,sub-014,3,95.33333333333333
state,mlpnet,psd,full,sub-015,3,98.33333333333333
state,mlpnet,psd,full,sub-016,3,96.0
state,mlpnet,psd,full,sub-017,3,91.0
state,mlpnet,psd,full,sub-018,3,98.66666666666667
state,mlpnet,psd,full,sub-019,3,98.33333333333333
state,mlpnet,psd,full,sub-020,3,99.0
state,mlpnet,psd,without_alpha,sub-001,3,90.0
state,mlpnet,psd,without_alpha,sub-002,3,87.0
state,mlpnet,psd,without_alpha,sub-003,3,94.66666666666667
state,mlpnet,psd,without_alpha,sub-004,3,93.0
state,mlpnet,psd,without_alpha,sub-005,3,91.33333333333333
state,mlpnet,psd,without_alpha,sub-006,3,91.0
state,mlpnet,psd,without_alpha,sub-007,3,89.0
state,mlpnet,psd,without_alpha,sub-008,3,82.66666666666667
state,mlpnet,psd,without_alpha,sub-009,3,98.33333333333333
state,mlpnet,psd,without_alpha,sub-010,3,97.33333333333333
state,mlpnet,psd,without_alpha,sub-011,3,87.0
state,mlpnet,psd,without_alpha,sub-012,3,93.33333333333333
state,mlpnet,psd,without_alpha,sub-013,3,90.0
state,mlpnet,psd,without_alpha,sub-014,3,94.0
state,mlpnet,psd,without_alpha,sub-015,3,96.0
state,mlpnet,psd,without_alpha,sub-016,3,96.0
state,mlpnet,psd,without_alpha,sub-017,3,85.33333333333333
state,mlpnet,psd,without_alpha,sub-018,3,86.0
state,mlpnet,psd,without_alpha,sub-019,3,94.66666666666667
state,mlpnet,psd,without_alpha,sub-020,3,97.33333333333333
state,shallownet,raw,full,sub-001,3,97.66666666666667
state,shallownet,raw,full,sub-002,3,98.66666666666667
state,shallownet,raw,full,sub-003,3,95.33333333333333
state,shallownet,raw,full,sub-004,3,99.33333333333333
state,shallownet,raw,full,sub-005,3,95.0
state,shallownet,raw,full,sub-006,3,97.0
state,shallownet,raw,full,sub-007,3,99.0
state,shallownet,raw,full,sub-008,3,87.66666666666667
state,shallownet,raw,full,sub-009,3,94.66666666666667
state,shallownet,raw,full,sub-010,3,98.0
state,shallownet,raw,full,sub-011,3,93.33333333333333
state,shallownet,raw,full,sub-012,3,98.33333333333333
state,shallownet,raw,full,sub-013,3,96.66666666666667
state,shallownet,raw,full,sub-014,3,92.33333333333333
state,shallownet,raw,full,sub-015,3,98.66666666666667
state,shallownet,raw,full,sub-016,3,90.0
state,shallownet,raw,full,sub-017,3,96.66666666666667
state,shallownet,raw,full,sub-018,3,99.33333333333333
state,shallownet,raw,full,sub-019,3,92.33333333333333
state,shallownet,raw,full,sub-020,3,99.33333333333333
state,shallownet,raw,without_alpha,sub-001,3,97.66666666666667
state,shallownet,raw,without_alpha,sub-002,3,97.66666666666667
state,shallownet,raw,without_alpha,sub-003,3,93.0
state,shallownet,raw,without_alpha,sub-004,3,97.33333333333333
state,shallownet,raw,without_alpha,sub-005,3,94.0
state,shallownet,raw,without_alpha,sub-006,3,93.66666666666667
state,shallownet,raw,without_alpha,sub-007,3,98.0
state,shallownet,raw,without_alpha,sub-008,3,88.33333333333333
state,shallownet,raw,without_alpha,sub-009,3,97.33333333333333
state,shallownet,raw,without_alpha,sub-010,3,96.33333333333333
state,shallownet,raw,without_alpha,sub-011,3,93.33333333333333
state,shallownet,raw,without_alpha,sub-012,3,97.33333333333333
state,shallownet,raw,without_alpha,sub-013,3,95.0
state,shallownet,raw,without_alpha,sub-014,3,92.66666666666667
state,shallownet,raw,without_alpha,sub-015,3,97.66666666666667
state,shallownet,raw,without_alpha,sub-016,3,90.0
state,shallownet,raw,without_alpha,sub-017,3,91.66666666666667
state,shallownet,raw,without_alpha,sub-018,3,96.0
state,shallownet,raw,without_alpha,sub-019,3,92.33333333333333
state,shallownet,raw,without_alpha,sub-020,3,96.33333333333333
state,svm,de,full,sub-001,3,95.33333333333333
state,svm,de,full,sub-002,3,92.66666666666667
state,svm,de,full,sub-003,3,96.66666666666667
state,svm,de,full,sub-004,3,99.0
state,svm,de,full,sub-005,3,96.66666666666667
state,svm,de,full,sub-006,3,96.33333333333333
state,svm,de,full,sub-007,3,93.66666666666667
state,svm,de,full,sub-008,3,92.33333333333333
state,svm,de,full,sub-009,3,93.33333333333333
state,svm,de,full,sub-010,3,97.0
state,svm,de,full,sub-011,3,97.66666666666667
state,svm,de,full,sub-012,3,99.0
state,svm,de,full,sub-013,3,94.0
state,svm,de,full,sub-014,3,97.33333333333333
state,svm,de,full,sub-015,3,89.0
state,svm,de,full,sub-016,3,91.66666666666667
state,svm,de,full,sub-017,3,93.33333333333333
state,svm,de,full,sub-018,3,97.0
state,svm,de,full,sub-019,3,92.0
state,svm,de,full,sub-020,3,98.33333333333333
state,svm,de,without_alpha,sub-001,3,93.66666666666667
state,svm,de,without_alpha,sub-002,3,93.0
state,svm,de,without_alpha,sub-003,3,95.33333333333333
state,svm,de,without_alpha,sub-004,3,98.66666666666667
state,svm,de,without_alpha,sub-005,3,97.0
state,svm,de,without_alpha,sub-006,3,96.0
state,svm,de,without_alpha,sub-007,3,96.0
state,svm,de,without_alpha,sub-008,3,91.0
state,svm,de,without_alpha,sub-009,3,97.0
state,svm,de,without_alpha,sub-010,3,95.66666666666667
state,svm,de,without_alpha,sub-011,3,97.33333333333333
state,svm,de,without_alpha,sub-012,3,99.0
state,svm,de,without_alpha,sub-013,3,88.33333333333333
state,svm,de,without_alpha,sub-014,3,96.66666666666667
state,svm,de,without_alpha,sub-015,3,90.0
state,svm,de,without_alpha,sub-016,3,91.66666666666667
state,svm,de,without_alpha,sub-017,3,91.0
state,svm,de,without_alpha,sub-018,3,95.66666666666667
state,svm,de,without_alpha,sub-019,3,90.33333333333333
state,svm,de,without_alpha,sub-020,3,97.0
state,svm,psd,full,sub-001,3,76.33333333333333
state,svm,psd,full,sub-002,3,80.0
state,svm,psd,full,sub-003,3,79.66666666666667
state,svm,psd,full,sub-004,3,89.66666666666667
state,svm,psd,full,sub-005,3,73.0
state,svm,psd,full,sub-006,3,80.66666666666667
state,svm,psd,full,sub-007,3,78.0
state,svm,psd,full,sub-008,3,71.33333333333333
state,svm,psd,full,sub-009,3,94.0
state,svm,psd,full,sub-010,3,93.66666666666667
state,svm,psd,full,sub-011,3,81.66666666666667
state,svm,psd,full,sub-012,3,81.33333333333333
state,svm,psd,full,sub-013,3,82.33333333333333
state,svm,psd,full,sub-014,3,75.0
state,svm,psd,full,sub-015,3,91.66666666666667
state,svm,psd,full,sub-016,3,92.0
state,svm,psd,full,sub-017,3,76.33333333333333
state,svm,psd,full,sub-018,3,82.66666666666667
state,svm,psd,full,sub-019,3,94.33333333333333
state,svm,psd,full,sub-020,3,95.0
state,svm,psd,without_alpha,sub-001,3,75.33333333333333
state,svm,psd,without_alpha,sub-002,3,72.0
state,svm,psd,without_alpha,sub-003,3,79.0
state,svm,psd,without_alpha,sub-004,3,79.66666666666667
state,svm,psd,without_alpha,sub-005,3,73.0
state,svm,psd,without_alpha,sub-006,3,79.66666666666667
state,svm,psd,without_alpha,sub-007,3,78.33333333333333
state,svm,psd,without_alpha,sub-008,3,71.66666666666667
state,svm,psd,without_alpha,sub-009,3,93.33333333333333
state,svm,psd,without_alpha,sub-010,3,89.66666666666667
state,svm,psd,without_alpha,sub-011,3,82.0
state,svm,psd,without_alpha,sub-012,3,81.66666666666667
state,svm,psd,without_alpha,sub-013,3,79.66666666666667
state,svm,psd,without_alpha,sub-014,3,76.0
state,svm,psd,without_alpha,sub-015,3,91.33333333333333
state,svm,psd,without_alpha,sub-016,3,92.33333333333333
state,svm,psd,without_alpha,sub-017,3,74.66666666666667
state,svm,psd,without_alpha,sub-018,3,78.33333333333333
state,svm,psd,without_alpha,sub-019,3,92.66666666666667
state,svm,psd,without_alpha,sub-020,3,90.0
state,svm,raw,full,sub-001,3,86.33333333333333
state,svm,raw,full,sub-002,3,97.66666666666667
state,svm,raw,full,sub-003,3,84.66666666666667
state,svm,raw,full,sub-004,3,92.33333333333333
state,svm,raw,full,sub-005,3,88.66666666666667
state,svm,raw,full,sub-006,3,86.33333333333333
state,svm,raw,full,sub-007,3,93.0
state,svm,raw,full,sub-008,3,77.66666666666667
state,svm,raw,full,sub-009,3,89.33333333333333
state,svm,raw,full,sub-010,3,90.0
state,svm,raw,full,sub-011,3,87.66666666666667
state,svm,raw,full,sub-012,3,89.33333333333333
state,svm,raw,full,sub-013,3,85.0
state,svm,raw,full,sub-014,3,87.66666666666667
state,svm,raw,full,sub-015,3,82.33333333333333
state,svm,raw,full,sub-016,3,81.0
state,svm,raw,full,sub-017,3,86.33333333333333
state,svm,raw,full,sub-018,3,91.0
state,svm,raw,full,sub-019,3,89.66666666666667
state,svm,raw,full,sub-020,3,96.0
state,svm,raw,without_alpha,sub-001,3,84.66666666666667
state,svm,raw,without_alpha,sub-002,3,96.66666666666667
state,svm,raw,without_alpha,sub-003,3,81.33333333333333
state,svm,raw,without_alpha,sub-004,3,92.66666666666667
state,svm,raw,without_alpha,sub-005,3,88.0
state,svm,raw,without_alpha,sub-006,3,84.33333333333333
state,svm,raw,without_alpha,sub-007,3,93.33333333333333
state,svm,raw,without_alpha,sub-008,3,77.33333333333333
state,svm,raw,without_alpha,sub-009,3,90.66666666666667
state,svm,raw,without_alpha,sub-010,3,86.66666666666667
state,svm,raw,without_alpha,sub-011,3,86.33333333333333
state,svm,raw,without_alpha,sub-012,3,89.66666666666667
state,svm,raw,without_alpha,sub-013,3,80.0
state,svm,raw,without_alpha,sub-014,3,88.66666666666667
state,svm,raw,without_alpha,sub-015,3,82.0
state,svm,raw,without_alpha,sub-016,3,81.33333333333333
state,svm,raw,without_alpha,sub-017,3,85.33333333333333
state,svm,raw,without_alpha,sub-018,3,84.66666666666667
state,svm,raw,without_alpha,sub-019,3,86.66666666666667
state,svm,raw,without_alpha,sub-020,3,94.33333333333333
state,tsconv,raw,full,sub-001,3,97.66666666666667
state,tsconv,raw,full,sub-002,3,99.33333333333333
state,tsconv,raw,full,sub-003,3,96.66666666666667
state,tsconv,raw,full,sub-004,3,98.0
state,tsconv,raw,full,sub-005,3,94.33333333333333
state,tsconv,raw,full,sub-006,3,95.0
state,tsconv,raw,full,sub-007,3,96.33333333333333
state,tsconv,raw,full,sub-008,3,93.0
state,tsconv,raw,full,sub-009,3,97.66666666666667
state,tsconv,raw,full,sub-010,3,97.66666666666667
state,tsconv,raw,full,sub-011,3,96.0
state,tsconv,raw,full,sub-012,3,97.66666666666667
state,tsconv,raw,full,sub-013,3,96.0
state,tsconv,raw,full,sub-014,3,95.33333333333333
state,tsconv,raw,full,sub-015,3,98.33333333333333
state,tsconv,raw,full,sub-016,3,91.33333333333333
state,tsconv,raw,full,sub-017,3,97.66666666666667
state,tsconv,raw,full,sub-018,3,98.66666666666667
state,tsconv,raw,full,sub-019,3,94.33333333333333
state,tsconv,raw,full,sub-020,3,99.66666666666667
state,tsconv,raw,without_alpha,sub-001,3,97.66666666666667
state,tsconv,raw,without_alpha,sub-002,3,99.66666666666667
state,tsconv,raw,without_alpha,sub-003,3,97.0
state,tsconv,raw,without_alpha,sub-004,3,97.0
state,tsconv,raw,without_alpha,sub-005,3,94.0
state,tsconv,raw,without_alpha,sub-006,3,95.33333333333333
state,tsconv,raw,without_alpha,sub-007,3,97.66666666666667
state,tsconv,raw,without_alpha,sub-008,3,92.0
state,tsconv,raw,without_alpha,sub-009,3,96.33333333333333
state,tsconv,raw,without_alpha,sub-010,3,97.66666666666667
state,tsconv,raw,without_alpha,sub-011,3,95.0
state,tsconv,raw,without_alpha,sub-012,3,97.66666666666667
state,tsconv,raw,without_alpha,sub-013,3,94.66666666666667
state,tsconv,raw,without_alpha,sub-014,3,95.33333333333333
state,tsconv,raw,without_alpha,sub-015,3,97.0
state,tsconv,raw,without_alpha,sub-016,3,91.0
state,tsconv,raw,without_alpha,sub-017,3,97.33333333333333
state,tsconv,raw,without_alpha,sub-018,3,97.33333333333333
state,tsconv,raw,without_alpha,sub-019,3,93.66666666666667
state,tsconv,raw,without_alpha,sub-020,3,98.33333333333333
